id;name;url;wishlists;occurrences;votes_fire;votes_love;votes_neutral;votes_disgust;votes_poop
15492;NUTHIN BUT A G THANG;https://fortnite.gg/cosmetics?id=15492;483;1;1.5K;99;147;42;381
15378;BIG SPIN;https://fortnite.gg/cosmetics?id=15378;169;4;472;131;408;254;3.5K
15479;COFFIN;https://fortnite.gg/cosmetics?id=15479;1,128;3;3.1K;307;763;290;3.5K
15453;OH SHHH;https://fortnite.gg/cosmetics?id=15453;1,202;7;4.6K;680;881;463;7.5K
15452;IN HA MOOD;https://fortnite.gg/cosmetics?id=15452;1,536;7;5.8K;801;1K;505;7K
15469;CALIFORNIA LOVE;https://fortnite.gg/cosmetics?id=15469;2,379;3;5.7K;420;490;164;1K
15385;TOPSPIN;https://fortnite.gg/cosmetics?id=15385;172;4;500;131;328;198;2.6K
15435;RICHES;https://fortnite.gg/cosmetics?id=15435;2,185;3;4.8K;543;870;239;3K
15379;SPOTLESS;https://fortnite.gg/cosmetics?id=15379;123;4;361;103;269;189;2.4K
15433;DESIRABLE;https://fortnite.gg/cosmetics?id=15433;3,191;3;8K;538;645;225;1.7K
15422;LIL' SHADY MOBILE;https://fortnite.gg/cosmetics?id=15422;2,137;14;9.8K;926;961;375;2.1K
14629;HIGH BOLTAGE;https://fortnite.gg/cosmetics?id=14629;487;4;957;190;374;238;1.7K
15375;REVOLVER;https://fortnite.gg/cosmetics?id=15375;117;4;272;87;213;149;1.7K
15417;TAKE IT SLOW;https://fortnite.gg/cosmetics?id=15417;2,332;3;3.5K;481;844;317;5.4K
15298;THE DOGG;https://fortnite.gg/cosmetics?id=15298;579;20;2K;138;113;36;188
15294;SNOOP'S WALK;https://fortnite.gg/cosmetics?id=15294;3,342;20;20.2K;1.4K;922;368;1.9K
14530;LIGHT IT UP;https://fortnite.gg/cosmetics?id=14530;2,038;2;2.4K;329;423;146;683
12646;DRUM ROLL;https://fortnite.gg/cosmetics?id=12646;457;2;582;172;355;172;1.5K
15232;CHAINSAW DANCE;https://fortnite.gg/cosmetics?id=15232;465;7;768;57;126;55;405
15226;MOONGAZER;https://fortnite.gg/cosmetics?id=15226;6,062;3;9K;647;511;199;1.1K
15210;TICK-TOCK;https://fortnite.gg/cosmetics?id=15210;240;10;233;33;70;22;185
15185;CAFFEINATED;https://fortnite.gg/cosmetics?id=15185;5,524;4;10.1K;1K;1.2K;454;4.6K
15053;COMMITTED;https://fortnite.gg/cosmetics?id=15053;3,589;3;3.3K;459;515;232;1.5K
15093;ICE SCULPTOR;https://fortnite.gg/cosmetics?id=15093;537;7;798;96;140;47;225
15091;BOO!;https://fortnite.gg/cosmetics?id=15091;566;1;470;67;62;13;72
15035;BILLY'S TRICYCLE;https://fortnite.gg/cosmetics?id=15035;1,375;11;6.6K;702;717;257;1.3K
15003;SHAQ SHIMMY;https://fortnite.gg/cosmetics?id=15003;1,253;12;4.6K;628;950;401;2.8K
15002;ONES N TWOS;https://fortnite.gg/cosmetics?id=15002;1,373;12;5K;564;704;277;1.7K
14997;DIMENSIONAL;https://fortnite.gg/cosmetics?id=14997;3,565;3;4K;502;695;218;1.7K
14969;SPICY START;https://fortnite.gg/cosmetics?id=14969;1,604;3;1.9K;337;673;280;3.8K
14635;KICK IT!;https://fortnite.gg/cosmetics?id=14635;249;4;369;127;306;231;1.8K
14956;LIL' BATTLE ROBOT;https://fortnite.gg/cosmetics?id=14956;426;14;1.9K;376;824;368;2K
14954;FROZONE'S STUNT;https://fortnite.gg/cosmetics?id=14954;494;14;2.3K;461;724;263;1.6K
14804;ASMR KEYS;https://fortnite.gg/cosmetics?id=14804;1,335;11;4.7K;596;1.1K;386;3K
14633;CLASSY STRUT;https://fortnite.gg/cosmetics?id=14633;315;4;566;151;323;189;1.5K
14945;BYE BYE BYE;https://fortnite.gg/cosmetics?id=14945;7,741;6;25.4K;1K;782;274;2.3K
14636;FLAMIN' LICKS;https://fortnite.gg/cosmetics?id=14636;507;4;850;176;405;202;1.6K
14923;DEEP EXPLORER;https://fortnite.gg/cosmetics?id=14923;3,041;3;4.9K;555;778;239;3.1K
14771;WHAT YOU WANT;https://fortnite.gg/cosmetics?id=14771;7,470;3;14K;619;592;187;2.1K
14760;TEST YOUR STRENGTH;https://fortnite.gg/cosmetics?id=14760;577;7;1.5K;285;425;152;696
14768;LINE DANCIN';https://fortnite.gg/cosmetics?id=14768;3,208;3;3.8K;584;850;297;3.4K
14706;WINNER!;https://fortnite.gg/cosmetics?id=14706;786;18;4.1K;739;1.3K;492;2.1K
14630;B-BASS;https://fortnite.gg/cosmetics?id=14630;334;4;615;146;327;175;1.3K
14688;VICBLENDS;https://fortnite.gg/cosmetics?id=14688;1,670;3;1.8K;261;702;303;5.7K
14674;SPIDER STROLL;https://fortnite.gg/cosmetics?id=14674;1,034;12;3.7K;462;560;235;1.2K
14632;SIDE STRIDE;https://fortnite.gg/cosmetics?id=14632;946;13;4K;421;787;441;2.7K
14685;FANTASY FACEOFF;https://fortnite.gg/cosmetics?id=14685;1,492;3;1.3K;361;790;348;4.3K
14637;EN POINT;https://fortnite.gg/cosmetics?id=14637;261;9;461;123;451;365;4K
14665;INDEPENDENCE;https://fortnite.gg/cosmetics?id=14665;5,194;2;4.4K;556;812;288;1.7K
14523;CAIRO;https://fortnite.gg/cosmetics?id=14523;1,956;77;8.9K;2K;2.7K;1.6K;20.3K
14522;OKI DOKI;https://fortnite.gg/cosmetics?id=14522;1,874;77;8.4K;1.8K;2.5K;1.6K;21.3K
12650;WHIRLY KEYS;https://fortnite.gg/cosmetics?id=12650;506;9;884;205;466;241;2.2K
11336;GLITCHIN';https://fortnite.gg/cosmetics?id=11336;2,993;1;3.7K;520;703;297;1.1K
14460;FORCE LANCE FLOURISH;https://fortnite.gg/cosmetics?id=14460;373;11;221;46;51;14;60
14440;OPTIC BLAST!;https://fortnite.gg/cosmetics?id=14440;623;13;416;47;53;23;86
14439;SENTINEL SQUATS;https://fortnite.gg/cosmetics?id=14439;564;13;351;47;48;18;81
14450;FEEL IT;https://fortnite.gg/cosmetics?id=14450;7,047;3;6.8K;615;541;173;1.1K
14404;OUTLAW;https://fortnite.gg/cosmetics?id=14404;3,551;9;5.2K;687;925;321;2K
14370;NO TEARS;https://fortnite.gg/cosmetics?id=14370;3,490;2;2.4K;465;846;324;4.4K
14361;SHIMMY WIGGLE;https://fortnite.gg/cosmetics?id=14361;3,847;5;5K;538;980;460;7K
14348;SNIKT-ING GO TIME;https://fortnite.gg/cosmetics?id=14348;562;63;616;52;83;35;104
14347;WHAT!? NO WAY!;https://fortnite.gg/cosmetics?id=14347;863;63;1.2K;110;107;33;145
14335;MINE;https://fortnite.gg/cosmetics?id=14335;12,104;3;10.1K;956;677;273;1.6K
14271;THREE STRIPE CIRCUIT;https://fortnite.gg/cosmetics?id=14271;395;13;804;189;514;248;2K
12859;DAVY'S PIPE ORGAN;https://fortnite.gg/cosmetics?id=12859;932;21;3.5K;481;543;228;1.3K
12854;LOOKING GOOD;https://fortnite.gg/cosmetics?id=12854;5,640;3;4.8K;659;1.1K;327;3K
12845;HEEL CLICK BREAKDOWN;https://fortnite.gg/cosmetics?id=12845;7,831;3;6.6K;650;848;265;1.9K
12757;WATER CANNON;https://fortnite.gg/cosmetics?id=12757;869;3;1.3K;275;452;156;562
12832;ENTRANCED;https://fortnite.gg/cosmetics?id=12832;13,690;3;11.8K;892;713;243;1.6K
12758;CLAMMY JAMMER;https://fortnite.gg/cosmetics?id=12758;1,101;1;1.5K;218;227;62;334
12823;HOUDINI;https://fortnite.gg/cosmetics?id=12823;6,090;17;15.7K;1.4K;1.2K;442;2.6K
12813;IT'S TRUE;https://fortnite.gg/cosmetics?id=12813;3,680;6;3.5K;487;869;368;2.4K
12614;RINGER;https://fortnite.gg/cosmetics?id=12614;2,609;57;7.1K;986;1.6K;736;4.7K
12069;STICKY SITUATION;https://fortnite.gg/cosmetics?id=12069;313;12;594;186;548;332;2.7K
12581;YOU THINK YOU'RE THE KING?;https://fortnite.gg/cosmetics?id=12581;2,447;21;11K;1K;1.1K;628;7.4K
12727;GROOVE DESTROYER;https://fortnite.gg/cosmetics?id=12727;7,802;4;6K;703;695;260;1.5K
12616;NITRO FUELED;https://fortnite.gg/cosmetics?id=12616;3,072;64;9K;1.3K;1.6K;750;4.9K
12562;I'M OUT;https://fortnite.gg/cosmetics?id=12562;2,262;3;2K;394;758;372;5.9K
12553;POINT AND STRUT;https://fortnite.gg/cosmetics?id=12553;10,325;3;12K;761;656;195;1.4K
12425;COMPANY JIG;https://fortnite.gg/cosmetics?id=12425;5,973;16;21.9K;1.1K;1.1K;478;2.4K
12550;SMOOTH SLIDE;https://fortnite.gg/cosmetics?id=12550;5,210;3;5.1K;599;958;307;2K
12417;METAL DETECTIN';https://fortnite.gg/cosmetics?id=12417;814;1;764;213;446;127;1.1K
12534;LO-FI HEADBANG;https://fortnite.gg/cosmetics?id=12534;10,933;3;11.6K;790;825;301;2K
12066;BURN YA BASS OFF;https://fortnite.gg/cosmetics?id=12066;968;5;1.5K;171;351;148;1.1K
12067;STRETCH IT;https://fortnite.gg/cosmetics?id=12067;386;5;425;128;339;228;2.2K
12166;MISCHIEF FLIP;https://fortnite.gg/cosmetics?id=12166;1,215;9;1.9K;359;574;221;1.1K
12371;DANCERY;https://fortnite.gg/cosmetics?id=12371;4,207;5;4.3K;781;1.3K;417;2.4K
12070;TOSS UP;https://fortnite.gg/cosmetics?id=12070;345;12;470;165;435;231;2.3K
12364;CHALLENGE;https://fortnite.gg/cosmetics?id=12364;5,384;3;3.5K;633;1.1K;462;5.5K
12359;D-PAD DECAY;https://fortnite.gg/cosmetics?id=12359;480;16;355;45;101;40;177
12358;TOGA'S GLEE;https://fortnite.gg/cosmetics?id=12358;2,388;16;1.3K;148;83;53;210
12346;SNAPSHOT SWAGGER;https://fortnite.gg/cosmetics?id=12346;1,929;3;2.1K;354;835;468;9.9K
12333;SWAG SHUFFLE;https://fortnite.gg/cosmetics?id=12333;2,304;3;2.1K;442;1.1K;521;11K
12235;LIL' AT-AT;https://fortnite.gg/cosmetics?id=12235;1,519;19;3.1K;525;490;191;1.1K
12177;AMBITIOUS;https://fortnite.gg/cosmetics?id=12177;4,045;5;5.3K;825;1.5K;525;4K
12143;DUNK IT!;https://fortnite.gg/cosmetics?id=12143;1,331;12;3.3K;461;669;246;2.1K
12071;ROCKET KEYS;https://fortnite.gg/cosmetics?id=12071;345;15;772;245;729;431;4.4K
12120;LIL' SUPERCAR;https://fortnite.gg/cosmetics?id=12120;6,614;13;11.7K;1.2K;988;394;1.6K
12044;VICTORY LEAP;https://fortnite.gg/cosmetics?id=12044;666;21;2K;573;1.2K;492;3.5K
12045;BAD GUY;https://fortnite.gg/cosmetics?id=12045;3,050;68;10.5K;2.3K;3.6K;1.6K;13.9K
12043;YOU SHOULD SEE ME IN A CROWN;https://fortnite.gg/cosmetics?id=12043;2,999;68;12K;2.2K;3.2K;1.5K;13.2K
11494;ROUND AND ROUND;https://fortnite.gg/cosmetics?id=11494;645;5;722;229;554;380;3.1K
11493;HIP CHECK;https://fortnite.gg/cosmetics?id=11493;1,458;13;4.3K;749;1.1K;579;3.5K
12018;BONEY BOUNCE;https://fortnite.gg/cosmetics?id=12018;6,296;3;7.5K;904;1.3K;489;3.5K
11482;HEADSTOCK SPIN;https://fortnite.gg/cosmetics?id=11482;648;10;964;362;859;455;4K
11486;I CAN'T HEAR YOU;https://fortnite.gg/cosmetics?id=11486;598;4;767;260;607;324;2.3K
11998;SONIC SURFER;https://fortnite.gg/cosmetics?id=11998;4,331;20;8.5K;1.7K;2K;823;3.8K
11997;REBELLIOUS;https://fortnite.gg/cosmetics?id=11997;9,169;18;18.1K;2.1K;2K;867;4.8K
11919;MY CABBAGES!;https://fortnite.gg/cosmetics?id=11919;685;4;2K;283;460;238;1.4K
11917;AANG'S AIR SPHERE;https://fortnite.gg/cosmetics?id=11917;1,010;4;2.2K;334;450;179;1.3K
11918;PUDDLE HOPPER;https://fortnite.gg/cosmetics?id=11918;1,961;3;1.9K;437;669;221;1K
11920;AIR FLURRY;https://fortnite.gg/cosmetics?id=11920;1,112;41;5.7K;1.4K;3.3K;1.7K;13.6K
11822;WISHIN';https://fortnite.gg/cosmetics?id=11822;1,634;2;1.2K;416;861;301;2.1K
11898;STOIC;https://fortnite.gg/cosmetics?id=11898;3,483;5;6.2K;795;1K;354;2.4K
11492;FLIPPING OUT;https://fortnite.gg/cosmetics?id=11492;876;19;2.2K;579;1.1K;593;3.9K
11488;SO LOW;https://fortnite.gg/cosmetics?id=11488;781;46;2.3K;742;1.8K;1.1K;7.9K
11890;TO THE BEAT;https://fortnite.gg/cosmetics?id=11890;6,276;3;4.9K;785;1.5K;689;10.7K
11825;FRESH OUT THE BOX;https://fortnite.gg/cosmetics?id=11825;894;22;3.7K;906;1.6K;693;5.4K
11487;ROLL UP;https://fortnite.gg/cosmetics?id=11487;593;6;952;360;880;459;3.7K
11799;BACK ON 74;https://fortnite.gg/cosmetics?id=11799;15,409;9;21.7K;1.8K;1.6K;660;3.5K
11798;CLASSY;https://fortnite.gg/cosmetics?id=11798;9,995;4;8.2K;1.2K;2K;815;8.1K
11490;WINDMILL STOMP;https://fortnite.gg/cosmetics?id=11490;792;20;2.1K;623;1.4K;735;5.6K
11484;KICK IT;https://fortnite.gg/cosmetics?id=11484;696;11;1.6K;475;1.2K;677;5.1K
11579;AFK;https://fortnite.gg/cosmetics?id=11579;4,887;7;11.5K;1.1K;1.1K;299;1.4K
11771;HEARTBREAK SHUFFLE;https://fortnite.gg/cosmetics?id=11771;9,290;4;7.6K;1.3K;1.7K;529;5.5K
11545;SHOW YA;https://fortnite.gg/cosmetics?id=11545;4,898;10;5.7K;1.6K;2.9K;1.2K;9.5K
11536;CAREFREE;https://fortnite.gg/cosmetics?id=11536;7,297;11;8.6K;1.6K;2.4K;1.1K;9.3K
11535;THE SQUABBLE;https://fortnite.gg/cosmetics?id=11535;6,818;9;14.7K;1.5K;1.9K;778;5.8K
11525;JUBI SLIDE;https://fortnite.gg/cosmetics?id=11525;11,554;4;20.9K;1.4K;1.5K;439;3.2K
11524;INTERSTELLAR BASS;https://fortnite.gg/cosmetics?id=11524;5,444;5;6.6K;939;1.7K;877;7.8K
11454;LIL' TURTLE VAN;https://fortnite.gg/cosmetics?id=11454;2,211;5;4.4K;630;690;236;1.4K
11453;RAIN CHECK;https://fortnite.gg/cosmetics?id=11453;3,112;77;15.9K;3.4K;6K;3.8K;54.9K
11452;KINDNESS PUNK;https://fortnite.gg/cosmetics?id=11452;2,472;3;4.7K;658;1.2K;664;5.3K
11408;BOO'D UP GROOVE;https://fortnite.gg/cosmetics?id=11408;9,880;6;14.2K;1.6K;1.5K;482;2.8K
11399;NO CURE;https://fortnite.gg/cosmetics?id=11399;8,147;10;8.8K;1.9K;2.9K;1.1K;9.5K
11397;MAKE SOME WAVES;https://fortnite.gg/cosmetics?id=11397;6,325;7;8K;1.2K;1.9K;790;7.2K
11396;REAPER'S SHOWTIME;https://fortnite.gg/cosmetics?id=11396;14,028;3;22.1K;1.5K;1.4K;514;5.6K
11229;ICE MOVES;https://fortnite.gg/cosmetics?id=11229;1,567;4;3K;557;1K;314;1.5K
11335;GO WITH THE FLOW;https://fortnite.gg/cosmetics?id=11335;5,559;9;4.2K;1K;1.7K;867;12.7K
11286;ME & YOU;https://fortnite.gg/cosmetics?id=11286;3,478;13;6K;1.4K;2.5K;989;12.3K
11285;EVIL PLAN;https://fortnite.gg/cosmetics?id=11285;15,217;13;31.1K;2.7K;2.6K;1.1K;8.6K
11277;DANCIN' DOMINO;https://fortnite.gg/cosmetics?id=11277;13,408;13;25.6K;2.6K;2.7K;1.1K;6.3K
11227;SNOWFLAKEY;https://fortnite.gg/cosmetics?id=11227;957;4;1.2K;491;1.3K;532;3.9K
11276;PERFECT SCORE;https://fortnite.gg/cosmetics?id=11276;4,865;10;6.7K;1.7K;3K;1.4K;16.4K
11273;PETER GRIFFIN SPEED BAG;https://fortnite.gg/cosmetics?id=11273;1,255;19;7.1K;1.3K;2.3K;945;5K
11269;SOCIAL CLIMBER;https://fortnite.gg/cosmetics?id=11269;15,666;11;37.5K;3K;2.7K;845;4.9K
11033;LIGHTS OUT;https://fortnite.gg/cosmetics?id=11033;1,046;22;3.4K;655;2K;695;3.1K
10969;MASKED;https://fortnite.gg/cosmetics?id=10969;1,544;94;2.2K;369;695;221;1.7K
10968;POPULAR VIBE;https://fortnite.gg/cosmetics?id=10968;15,027;94;69.4K;3.5K;2.9K;1.2K;10.8K
10776;REAL SLIM SHADY;https://fortnite.gg/cosmetics?id=10776;11,895;39;51.7K;3.8K;2.5K;976;5.3K
10754;MASK UP;https://fortnite.gg/cosmetics?id=10754;2,263;39;4.5K;490;604;157;684
10764;WALKIN' PRETTY;https://fortnite.gg/cosmetics?id=10764;11,096;7;8.6K;1.2K;1.4K;629;3.4K
10735;PROPHETIC PETALS;https://fortnite.gg/cosmetics?id=10735;1,811;1;728;242;511;234;1.5K
10736;FASTEST FASTBALL;https://fortnite.gg/cosmetics?id=10736;1,225;22;3K;871;2K;876;6.8K
10748;SCOOTIN' CIRCLES;https://fortnite.gg/cosmetics?id=10748;2,044;17;4K;984;2K;765;4.4K
10719;YOU'RE A WINNER;https://fortnite.gg/cosmetics?id=10719;12,968;7;16.6K;1.4K;1.3K;535;2.9K
10718;HOORAY;https://fortnite.gg/cosmetics?id=10718;6,586;10;5.6K;1.3K;2.2K;754;3.6K
10649;CATLING GUN;https://fortnite.gg/cosmetics?id=10649;4,736;1;2.6K;509;522;224;1.1K
10650;TELEKINETIC POWER BREAKFAST;https://fortnite.gg/cosmetics?id=10650;1,477;16;3.1K;736;1.3K;597;4.6K
10614;CUPID'S ARROW;https://fortnite.gg/cosmetics?id=10614;18,304;9;16K;1.9K;1.2K;539;2.3K
10492;WANNA DANCE?;https://fortnite.gg/cosmetics?id=10492;1,834;2;759;168;394;186;1.4K
10572;LIVE FROM HADDONFIELD;https://fortnite.gg/cosmetics?id=10572;9,660;15;20.3K;1.6K;1.1K;392;1.7K
10571;JACK'S SCARY FACE;https://fortnite.gg/cosmetics?id=10571;2,349;25;3.2K;383;305;128;418
10607;LOCK, SHOCK AND BARREL'S TUB;https://fortnite.gg/cosmetics?id=10607;3,464;20;5.7K;905;882;388;1.5K
10536;VICTORY TROPHY;https://fortnite.gg/cosmetics?id=10536;1,758;7;1.9K;305;281;102;309
10542;JUMP ROPE JIG;https://fortnite.gg/cosmetics?id=10542;4,742;12;4.3K;959;1.4K;527;2.2K
10529;STARLIT;https://fortnite.gg/cosmetics?id=10529;25,962;17;42.6K;3.4K;2K;792;3.6K
10496;HEARTBURST;https://fortnite.gg/cosmetics?id=10496;5,067;11;2K;402;433;188;1.1K
10434;PICK ME!;https://fortnite.gg/cosmetics?id=10434;3,029;3;1.4K;283;342;119;446
10462;WIND UP;https://fortnite.gg/cosmetics?id=10462;4,076;10;3.7K;819;1.8K;978;10K
10455;CLICK CLICK FLASH;https://fortnite.gg/cosmetics?id=10455;5,783;18;4.8K;842;1.3K;612;6.2K
10433;HALF-COLD HALF-HOT;https://fortnite.gg/cosmetics?id=10433;1,060;38;466;90;110;62;257
10432;CULTURE FESTIVAL DANCE;https://fortnite.gg/cosmetics?id=10432;3,594;38;4.8K;791;1.1K;622;6.5K
10411;BUST A MOVE;https://fortnite.gg/cosmetics?id=10411;9,889;10;8.3K;1.4K;1.7K;681;2.6K
10109;IT'S A GO!;https://fortnite.gg/cosmetics?id=10109;1,374;4;487;111;237;92;354
10408;BOY'S A LIAR;https://fortnite.gg/cosmetics?id=10408;16,128;13;14.6K;2K;2.4K;897;5K
10105;STOP!;https://fortnite.gg/cosmetics?id=10105;2,061;4;644;132;263;77;288
10069;BIZCOCHITO;https://fortnite.gg/cosmetics?id=10069;13,941;6;8.7K;1K;1.1K;552;3.7K
10017;BIG FAN;https://fortnite.gg/cosmetics?id=10017;1,584;7;969;224;363;197;1.8K
10063;SUPERSTAR CELEBRATION;https://fortnite.gg/cosmetics?id=10063;864;28;1.3K;378;927;464;4.3K
10055;NIGHT OUT;https://fortnite.gg/cosmetics?id=10055;11,166;3;4.5K;748;982;368;2.3K
9960;BPM BREAKDOWN;https://fortnite.gg/cosmetics?id=9960;5,247;5;3.7K;476;449;177;659
10020;SHADOW PLAY: MAX ELEPHANT;https://fortnite.gg/cosmetics?id=10020;919;35;2.5K;539;1.1K;569;4.6K
10019;SHADOW PLAY: DOG;https://fortnite.gg/cosmetics?id=10019;1,182;35;345;72;87;29;157
9997;START IT UP;https://fortnite.gg/cosmetics?id=9997;2,772;22;3.9K;1.2K;2.3K;1.4K;9.8K
9990;TOW TRUCK SURFER;https://fortnite.gg/cosmetics?id=9990;2,325;24;4.2K;827;901;333;1.7K
9959;ZOIDBERG SCUTTLE;https://fortnite.gg/cosmetics?id=9959;5,243;31;7.9K;974;991;530;3.3K
9880;AW SNAP!;https://fortnite.gg/cosmetics?id=9880;1,014;3;520;127;373;184;1.9K
9879;SHARE THE WEALTH;https://fortnite.gg/cosmetics?id=9879;3,029;4;2K;352;382;104;381
9920;GOATED;https://fortnite.gg/cosmetics?id=9920;9,522;16;10.2K;1.5K;2.1K;933;7.5K
9918;CELEBRATE ME;https://fortnite.gg/cosmetics?id=9918;21,687;6;11.8K;945;1.1K;423;3.5K
9882;STORMY SLOG;https://fortnite.gg/cosmetics?id=9882;4,955;4;2.5K;396;374;121;354
9881;SUNNY STROLL;https://fortnite.gg/cosmetics?id=9881;5,945;21;7.4K;1.1K;796;290;1.2K
9895;FAST FLEX;https://fortnite.gg/cosmetics?id=9895;6,521;9;5.5K;767;915;384;1.5K
9896;PAY IT OFF;https://fortnite.gg/cosmetics?id=9896;2,518;6;1.8K;325;616;251;1.7K
9867;RUN IT DOWN;https://fortnite.gg/cosmetics?id=9867;6,718;13;5.8K;967;1.5K;682;6.3K
9844;SPROUT OF TUNE;https://fortnite.gg/cosmetics?id=9844;5,387;1;3.9K;350;265;117;397
9855;BLACK WINGS;https://fortnite.gg/cosmetics?id=9855;1,761;19;1.5K;321;427;182;741
9843;TOCKED OFF;https://fortnite.gg/cosmetics?id=9843;1,258;2;326;75;251;116;730
9834;KEEP 'EM CRISPY;https://fortnite.gg/cosmetics?id=9834;1,500;17;1.7K;313;568;252;1.7K
9733;AUTOGRAPH, PLEASE!;https://fortnite.gg/cosmetics?id=9733;4,243;7;1.6K;380;437;163;446
9728;SWAGGER STRUT;https://fortnite.gg/cosmetics?id=9728;6,928;6;7.2K;624;554;208;778
9729;FULL GOOGLY;https://fortnite.gg/cosmetics?id=9729;8,264;3;2.8K;300;369;154;635
9727;GO PRIMAL;https://fortnite.gg/cosmetics?id=9727;891;12;527;115;127;43;179
9632;INSTRUMENT OF DESTRUCTION;https://fortnite.gg/cosmetics?id=9632;2,201;5;1.4K;259;349;127;401
9685;WITHOUT YOU;https://fortnite.gg/cosmetics?id=9685;13,708;20;13.4K;1.8K;1.5K;619;2.6K
9634;GOOD GAME, WELL PLAYED;https://fortnite.gg/cosmetics?id=9634;2,361;2;2K;240;241;93;269
9674;PUT 'ER THERE;https://fortnite.gg/cosmetics?id=9674;3,105;35;2.2K;265;192;59;275
9617;GOKU BLACK'S CHARGING UP;https://fortnite.gg/cosmetics?id=9617;2,105;37;1.7K;144;113;48;273
9461;SQUIRRELLY;https://fortnite.gg/cosmetics?id=9461;961;18;1.4K;295;197;70;356
9607;FAST FEET;https://fortnite.gg/cosmetics?id=9607;4,656;25;5K;1.2K;2.2K;967;4.4K
9561;LIL' PODRACER;https://fortnite.gg/cosmetics?id=9561;1,732;19;1.8K;410;550;229;1.2K
9458;LIL' WHEELIE;https://fortnite.gg/cosmetics?id=9458;3,467;5;2.6K;484;519;172;541
9457;HEART ATTACH;https://fortnite.gg/cosmetics?id=9457;3,446;6;1.1K;358;286;86;319
9512;SLIDE STRIDE;https://fortnite.gg/cosmetics?id=9512;3,982;24;3.8K;753;1.2K;572;5.2K
9511;ASK ME;https://fortnite.gg/cosmetics?id=9511;6,720;24;6K;851;1.2K;550;4.1K
9460;TITAN RUN: FREESTYLE;https://fortnite.gg/cosmetics?id=9460;2,707;14;696;84;122;70;518
9459;TITAN RUN: RAMPAGE;https://fortnite.gg/cosmetics?id=9459;2,125;14;439;75;131;72;506
9456;TITAN RUN: RUSH;https://fortnite.gg/cosmetics?id=9456;3,110;1;689;69;131;68;494
9431;MADE YOU LOOK;https://fortnite.gg/cosmetics?id=9431;9,082;28;7.8K;1.6K;1.9K;953;5.4K
9424;THE QUICK STYLE;https://fortnite.gg/cosmetics?id=9424;7,330;16;8.1K;993;1.1K;569;2.2K
9230;FISHY FLOURISH;https://fortnite.gg/cosmetics?id=9230;3,578;24;8.7K;1.2K;1.3K;536;2.2K
9279;GUNSLINGER SMOKESHOW;https://fortnite.gg/cosmetics?id=9279;8,855;27;7K;1.2K;1.5K;661;3.1K
9268;TARGET TRAINING;https://fortnite.gg/cosmetics?id=9268;1,925;18;1.6K;303;406;142;526
9133;CHAMPION'S CELEBRATION;https://fortnite.gg/cosmetics?id=9133;2,642;14;3.4K;430;353;136;465
9216;GET FLAKEY;https://fortnite.gg/cosmetics?id=9216;1,281;47;928;186;421;177;1.3K
9202;SHOUT!;https://fortnite.gg/cosmetics?id=9202;16,891;53;18.7K;2.2K;1.9K;887;3.1K
9115;TOOTSEE;https://fortnite.gg/cosmetics?id=9115;9,728;38;8.7K;1.5K;1.8K;791;3.5K
9076;THE DANCE LAROI;https://fortnite.gg/cosmetics?id=9076;7,355;48;6.7K;1.2K;1K;510;3.2K
9042;STAY AFLOAT;https://fortnite.gg/cosmetics?id=9042;13,826;48;10.4K;1.4K;1.1K;541;3K
9074;PICCOLO'S CHARGING UP;https://fortnite.gg/cosmetics?id=9074;1,723;40;609;99;131;61;241
9073;GOHAN'S CHARGING UP;https://fortnite.gg/cosmetics?id=9073;1,921;40;905;126;129;49;243
9043;HEART OF A KING;https://fortnite.gg/cosmetics?id=9043;8,011;53;9.1K;1.5K;972;464;3.1K
8908;TORNADO SPIN;https://fortnite.gg/cosmetics?id=8908;3,535;11;2.6K;539;498;191;557
8198;BOOSTING KI;https://fortnite.gg/cosmetics?id=8198;2,993;36;3.7K;643;911;445;3.4K
8197;CHARGING UP;https://fortnite.gg/cosmetics?id=8197;2,884;36;3.6K;637;871;408;3.3K
8982;WARM-UP;https://fortnite.gg/cosmetics?id=8982;2,685;20;1.9K;510;808;419;3.7K
8791;WHERE YA GOING?;https://fortnite.gg/cosmetics?id=8791;3,445;8;3K;529;492;166;504
8963;ALL MIGHT'S TRANSFORM;https://fortnite.gg/cosmetics?id=8963;2,003;50;1.3K;189;145;92;400
8962;IZUKU'S QUIRK;https://fortnite.gg/cosmetics?id=8962;1,712;50;829;135;126;69;298
8964;HERO ANALYSIS;https://fortnite.gg/cosmetics?id=8964;1,921;50;2.8K;680;1.3K;706;7.2K
8961;SYMBOL OF PEACE;https://fortnite.gg/cosmetics?id=8961;2,506;50;4.5K;831;1.2K;714;6.6K
8911;BEAST BLASTIN';https://fortnite.gg/cosmetics?id=8911;5,147;31;4.1K;746;721;255;1.2K
8946;MASTER OF PUPPETS;https://fortnite.gg/cosmetics?id=8946;9,146;108;;;;;
8228;SNIKT! SNIKT!;https://fortnite.gg/cosmetics?id=8228;2,257;20;1.4K;252;323;100;335
8879;HULK SMASH!;https://fortnite.gg/cosmetics?id=8879;1,833;51;2.1K;478;766;354;1.5K
8882;BOUNCE WIT' IT;https://fortnite.gg/cosmetics?id=8882;8,388;32;6.2K;1.3K;2K;875;5.1K
8790;STAKE YOUR CLAIM;https://fortnite.gg/cosmetics?id=8790;1,926;2;672;143;274;93;378
8708;FAN FERVOR;https://fortnite.gg/cosmetics?id=8708;769;30;678;234;499;216;1.3K
8729;MA-YA-HI;https://fortnite.gg/cosmetics?id=8729;9,226;46;12K;1.9K;2.3K;982;4K
8726;SQUEAK!;https://fortnite.gg/cosmetics?id=8726;1,054;23;727;150;173;82;664
8670;VICTORY COLORS;https://fortnite.gg/cosmetics?id=8670;892;14;783;186;384;130;493
8677;SIDE SHUFFLE;https://fortnite.gg/cosmetics?id=8677;4,394;32;4.1K;876;1.8K;883;6.6K
8634;LIL' SPEEDER BIKE;https://fortnite.gg/cosmetics?id=8634;2,408;72;3.5K;736;857;368;1.7K
8612;MONSTER MASH;https://fortnite.gg/cosmetics?id=8612;10,439;10;7.8K;1.1K;1.2K;455;2.1K
8676;READY UP;https://fortnite.gg/cosmetics?id=8676;1,335;20;611;123;115;45;180
8605;MIRACLE TRICKSHOT;https://fortnite.gg/cosmetics?id=8605;5,809;13;3.7K;701;766;310;972
8568;IT'S A TRICK!;https://fortnite.gg/cosmetics?id=8568;2,540;16;1.4K;226;194;62;202
8532;TETH'S THRONE;https://fortnite.gg/cosmetics?id=8532;6,901;14;4.1K;451;364;135;453
8474;IT'S A WASH;https://fortnite.gg/cosmetics?id=8474;3,697;16;2.4K;460;545;180;532
8537;FEEL THE FLOW;https://fortnite.gg/cosmetics?id=8537;6,117;35;4.6K;898;1.5K;959;12.5K
8536;PUMP ME UP;https://fortnite.gg/cosmetics?id=8536;12,606;32;6.4K;1.2K;1.2K;559;2.1K
8516;COPINES;https://fortnite.gg/cosmetics?id=8516;12,940;35;10.7K;1.4K;969;382;1.8K
8443;IRON MAN, REVEALED;https://fortnite.gg/cosmetics?id=8443;1,486;56;1.1K;186;225;108;408
8346;SYPHER'S STRUT;https://fortnite.gg/cosmetics?id=8346;6,261;54;10.3K;1.3K;1.2K;499;2.7K
8292;JUG BAND;https://fortnite.gg/cosmetics?id=8292;5,267;34;7.2K;1K;878;330;1.4K
8293;JIGGLE JIGGLE;https://fortnite.gg/cosmetics?id=8293;12,795;48;15.8K;2.6K;2.4K;1.1K;5.4K
8306;STARFIRE'S FLOURISH;https://fortnite.gg/cosmetics?id=8306;2,996;10;1K;272;330;134;381
8291;THE DIP;https://fortnite.gg/cosmetics?id=8291;8,164;23;4.4K;602;1K;360;2.2K
8259;JUMP AROUND;https://fortnite.gg/cosmetics?id=8259;8,781;37;6.6K;1.4K;1.8K;761;2.8K
8232;SHOWTIME;https://fortnite.gg/cosmetics?id=8232;2,091;37;1.4K;348;825;407;3.8K
8239;INVESTIGATE;https://fortnite.gg/cosmetics?id=8239;1,878;23;936;230;468;193;866
8201;FORGET ME NOT;https://fortnite.gg/cosmetics?id=8201;11,294;40;9.5K;1.6K;1.7K;664;2.2K
8202;VEGETA'S CHARGING UP;https://fortnite.gg/cosmetics?id=8202;2,043;51;1.1K;144;118;59;237
8199;GOKU'S CHARGING UP;https://fortnite.gg/cosmetics?id=8199;3,164;51;2.5K;254;162;70;340
8200;FUSION! HAH!!;https://fortnite.gg/cosmetics?id=8200;4,413;51;5.4K;863;1.1K;460;3.6K
8126;BOOP!;https://fortnite.gg/cosmetics?id=8126;5,154;13;2.8K;661;678;306;1.1K
8164;U CAN'T C ME;https://fortnite.gg/cosmetics?id=8164;4,769;51;10K;1.4K;1.4K;635;3.5K
8127;DRIPPIN' FLAVOR;https://fortnite.gg/cosmetics?id=8127;7,152;75;15.5K;2.1K;2K;1.1K;5.2K
8066;FORT KNIGHTED;https://fortnite.gg/cosmetics?id=8066;3,464;16;1.5K;367;424;169;487
8096;BRING THE HAMMER DOWN;https://fortnite.gg/cosmetics?id=8096;1,557;57;610;139;124;48;185
8002;LIL' CARPET RIDE;https://fortnite.gg/cosmetics?id=8002;3,123;12;1.3K;351;501;183;480
8043;GALAXIAN;https://fortnite.gg/cosmetics?id=8043;4,664;15;1.7K;333;280;90;334
8020;STRIKING SHADOW SNAKES;https://fortnite.gg/cosmetics?id=8020;1,807;19;846;149;166;71;307
8019;RASENSHURIKEN;https://fortnite.gg/cosmetics?id=8019;3,901;19;1.9K;279;224;96;555
7986;SPIDEY LANDING;https://fortnite.gg/cosmetics?id=7986;3,353;67;3K;648;686;310;950
7863;BATTLE STANCES!;https://fortnite.gg/cosmetics?id=7863;974;20;534;113;144;41;162
7859;PAC-BRAINED;https://fortnite.gg/cosmetics?id=7859;5,499;26;3.3K;504;408;127;431
7804;OBI-WAN'S MESSAGE;https://fortnite.gg/cosmetics?id=7804;1,921;49;2.2K;361;552;256;1K
7795;LIL' DIPLODOCULUS;https://fortnite.gg/cosmetics?id=7795;8,385;52;12.4K;1.5K;1K;418;2.2K
6789;LIL' ED-209;https://fortnite.gg/cosmetics?id=6789;2,119;23;1.4K;348;378;128;635
6785;THE AIRPLANE;https://fortnite.gg/cosmetics?id=6785;4,833;16;1.9K;516;984;372;1.5K
6673;SNACKIN';https://fortnite.gg/cosmetics?id=6673;4,354;11;3.7K;692;710;218;765
6771;THE POLLO DANCE;https://fortnite.gg/cosmetics?id=6771;7,384;55;7K;1.2K;1.4K;640;3.4K
6778;PSYCHIC ENERGY MANIPULATION;https://fortnite.gg/cosmetics?id=6778;2,762;44;2.7K;573;573;218;903
6734;HOW SWEET!;https://fortnite.gg/cosmetics?id=6734;2,585;16;1.9K;571;1.1K;566;4.3K
6723;BLANKA BACKFLIP;https://fortnite.gg/cosmetics?id=6723;1,239;22;867;143;203;95;357
6722;SAKURA'S VICTORY SWAY;https://fortnite.gg/cosmetics?id=6722;3,510;22;2.1K;242;194;82;307
6732;TRIUMPHANT;https://fortnite.gg/cosmetics?id=6732;6,518;22;6.7K;837;994;423;1.6K
6692;WU-TANG IS FOREVER;https://fortnite.gg/cosmetics?id=6692;4,134;62;4.1K;577;799;363;2.1K
6619;ROOTIN' TOOTIN';https://fortnite.gg/cosmetics?id=6619;1,752;5;1K;226;485;186;727
6618;CHESS MASTER;https://fortnite.gg/cosmetics?id=6618;5,523;16;2.5K;538;457;123;424
6641;IT'S A VIBE;https://fortnite.gg/cosmetics?id=6641;16,495;39;15K;1.7K;1.2K;542;2.7K
6635;VIKING WAR CRY;https://fortnite.gg/cosmetics?id=6635;1,546;11;548;148;193;71;234
6483;ASSASSIN'S STRIKE;https://fortnite.gg/cosmetics?id=6483;2,395;10;1.5K;227;237;82;257
6617;LIL' MOWER;https://fortnite.gg/cosmetics?id=6617;2,921;8;1.5K;308;365;130;342
6590;BOARD FLAIR;https://fortnite.gg/cosmetics?id=6590;3,362;22;2.1K;632;781;298;968
6450;HEART SIGN;https://fortnite.gg/cosmetics?id=6450;5,939;7;2.2K;423;351;159;400
6449;SERVE STANCE;https://fortnite.gg/cosmetics?id=6449;2,249;31;1.5K;477;947;373;2.1K
6434;HANDS OFF!;https://fortnite.gg/cosmetics?id=6434;1,893;51;1.8K;460;707;290;1.1K
6433;DEAL 'EM OUT;https://fortnite.gg/cosmetics?id=6433;2,130;45;1.6K;398;542;205;747
6415;BUSINESS UP FRONT;https://fortnite.gg/cosmetics?id=6415;5,121;15;1.6K;473;692;231;779
6414;GET GONE;https://fortnite.gg/cosmetics?id=6414;10,416;40;8.3K;1.5K;1.7K;833;3.6K
6412;UPDATE JOURNAL;https://fortnite.gg/cosmetics?id=6412;2,001;37;1.3K;314;628;236;888
6337;FREEDOM WHEELS;https://fortnite.gg/cosmetics?id=6337;10,688;23;6.4K;928;761;336;1.2K
6349;THIS IS THE WAY;https://fortnite.gg/cosmetics?id=6349;2,090;75;4.1K;735;1.1K;455;2.2K
6328;MAXIMUM BOUNCE;https://fortnite.gg/cosmetics?id=6328;8,044;35;14.2K;1.8K;1.6K;651;2.9K
6277;I LIKE TO MOVE IT;https://fortnite.gg/cosmetics?id=6277;10,715;44;10.9K;1.8K;1.8K;757;2.8K
6299;ARM THE PUMPKIN!;https://fortnite.gg/cosmetics?id=6299;1,880;69;2K;621;779;357;1.3K
6273;PUNCHING PRACTICE;https://fortnite.gg/cosmetics?id=6273;3,602;14;1.8K;348;482;190;613
6287;SLALOM STYLE;https://fortnite.gg/cosmetics?id=6287;14,186;4;10.2K;988;622;293;967
6276;DANCE MONKEY;https://fortnite.gg/cosmetics?id=6276;8,332;46;8.3K;1.9K;2.5K;1.3K;10.2K
6247;THE CRANE KICK;https://fortnite.gg/cosmetics?id=6247;3,724;19;2.2K;344;339;142;560
6165;NOISEMAKER;https://fortnite.gg/cosmetics?id=6165;1,676;10;2K;518;804;305;1K
6221;SHAKE & SPLIT;https://fortnite.gg/cosmetics?id=6221;5,287;15;1.7K;480;734;269;822
6220;SHAKE & SLASH;https://fortnite.gg/cosmetics?id=6220;4,736;15;1.6K;453;633;236;794
6219;TARGETING COMPUTER ONLINE;https://fortnite.gg/cosmetics?id=6219;1,423;96;730;148;191;84;260
6207;NEO'S BULLET TIME;https://fortnite.gg/cosmetics?id=6207;5,506;19;2.7K;437;327;117;409
6206;TRINITY'S KICK;https://fortnite.gg/cosmetics?id=6206;4,054;19;1.8K;369;352;132;440
6186;AMAZING UNMASKING;https://fortnite.gg/cosmetics?id=6186;3,357;31;1.9K;322;243;83;267
6134;FROLIC;https://fortnite.gg/cosmetics?id=6134;9,102;45;8.4K;1.7K;1.7K;799;3.5K
6121;KNIFE TRICKS;https://fortnite.gg/cosmetics?id=6121;3,081;49;2.4K;548;593;252;814
5929;DUNK ON 'EM;https://fortnite.gg/cosmetics?id=5929;7,415;13;3.5K;495;423;145;465
5907;I AIN'T AFRAID;https://fortnite.gg/cosmetics?id=5907;7,461;13;5.7K;573;422;156;546
5866;SUMMONING JUTSU;https://fortnite.gg/cosmetics?id=5866;4,142;30;3.9K;533;389;126;740
5865;RAMEN BREAK;https://fortnite.gg/cosmetics?id=5865;5,408;30;3.8K;573;417;147;702
5851;RISING PHOENIX;https://fortnite.gg/cosmetics?id=5851;2,754;46;1.9K;508;560;236;751
5732;RIM SHOT;https://fortnite.gg/cosmetics?id=5732;2,207;9;1.4K;342;516;190;574
5780;¡QUE NO PANDA EL CÚNICO!;https://fortnite.gg/cosmetics?id=5780;6,419;22;3.9K;528;565;231;1.4K
5733;BUTTER BUDDY;https://fortnite.gg/cosmetics?id=5733;3,078;19;1.6K;406;446;144;402
5734;ZOM-BEAM;https://fortnite.gg/cosmetics?id=5734;908;27;510;92;196;119;403
5697;BROLLY STROLL;https://fortnite.gg/cosmetics?id=5697;3,354;28;1.6K;342;543;210;677
5674;JUST KEEP BREATHIN';https://fortnite.gg/cosmetics?id=5674;2,047;43;1.3K;278;404;153;681
5662;SAND WALK;https://fortnite.gg/cosmetics?id=5662;2,193;22;1.4K;246;586;271;1.3K
4904;LIL' BOUNCE;https://fortnite.gg/cosmetics?id=4904;10,513;21;20.5K;2.8K;1.6K;519;1.9K
5655;SNARE SOLO;https://fortnite.gg/cosmetics?id=5655;8,046;49;7.9K;1.5K;1.7K;679;2.3K
5572;PAGE-TURNER;https://fortnite.gg/cosmetics?id=5572;2,368;9;1.2K;301;536;156;506
5593;EVERYBODY LOVES ME;https://fortnite.gg/cosmetics?id=5593;13,219;58;10K;1.6K;2K;1K;4.8K
5592;LEILT ELOMR;https://fortnite.gg/cosmetics?id=5592;5,350;19;5.1K;877;1.1K;522;2.2K
5461;[INSERT LAUGHTER HERE];https://fortnite.gg/cosmetics?id=5461;2,301;11;1.6K;436;819;246;821
5560;RUSHIN' AROUND;https://fortnite.gg/cosmetics?id=5560;30,912;6;29.6K;2.3K;1.4K;561;2.3K
5546;VENOM UNLEASHED;https://fortnite.gg/cosmetics?id=5546;3,693;21;3.1K;404;229;94;339
5530;THE LOOK;https://fortnite.gg/cosmetics?id=5530;4,434;27;4.1K;614;875;382;2.2K
5457;AND THE CROWD GOES WILD;https://fortnite.gg/cosmetics?id=5457;1,751;8;868;223;497;155;490
5431;SWAY;https://fortnite.gg/cosmetics?id=5431;5,813;29;4.5K;1K;1.6K;740;2.6K
5430;GLOSS;https://fortnite.gg/cosmetics?id=5430;5,322;20;3.6K;710;1.1K;497;2K
5429;STUCK;https://fortnite.gg/cosmetics?id=5429;26,165;2;16.6K;1.3K;811;347;1.8K
5404;ROLLER VIBES;https://fortnite.gg/cosmetics?id=5404;7,653;29;5.2K;775;567;265;1.3K
5428;MIGHTY ANT;https://fortnite.gg/cosmetics?id=5428;3,167;57;3.3K;828;988;447;1.7K
5376;IN DA PARTY;https://fortnite.gg/cosmetics?id=5376;16,936;47;19K;2.1K;1.1K;511;2.8K
5375;GET SCHWIFTY;https://fortnite.gg/cosmetics?id=5375;5,310;89;9.5K;1.4K;1.3K;609;4.5K
5374;BIM BAM BOOM;https://fortnite.gg/cosmetics?id=5374;19,076;72;23.9K;3.3K;1.8K;778;3.4K
5338;BRACELETS OF HEPHAESTUS;https://fortnite.gg/cosmetics?id=5338;1,803;63;776;198;260;89;215
5288;CANNON SPIKE;https://fortnite.gg/cosmetics?id=5288;3,478;26;1.6K;273;178;80;220
5287;FLASH KICK;https://fortnite.gg/cosmetics?id=5287;1,543;26;812;165;204;72;268
5260;CROSSBOUNCE;https://fortnite.gg/cosmetics?id=5260;8,424;36;7K;1.5K;1.9K;781;3.1K
5261;BEAR HUG;https://fortnite.gg/cosmetics?id=5261;12,404;77;16.1K;2.5K;1.3K;464;1.5K
5258;LIGHTS UP;https://fortnite.gg/cosmetics?id=5258;2,190;67;2.1K;614;1.2K;399;1.7K
5259;LIL' FLOATICORN;https://fortnite.gg/cosmetics?id=5259;6,371;40;5.1K;1K;1.1K;455;1.9K
5188;HEY NOW!;https://fortnite.gg/cosmetics?id=5188;13,269;80;16.4K;2.9K;2.1K;869;3.5K
5189;BRING IT AROUND;https://fortnite.gg/cosmetics?id=5189;20,034;60;23.7K;2.3K;1.5K;664;3K
4986;TAKE A 'BOW;https://fortnite.gg/cosmetics?id=4986;3,951;47;7.1K;1.1K;1.7K;959;12.5K
5155;THE SILENCER;https://fortnite.gg/cosmetics?id=5155;5,331;42;3.7K;665;1.1K;487;2.4K
5108;SHORT FUSE;https://fortnite.gg/cosmetics?id=5108;1,497;18;1.7K;277;284;94;309
5107;ROMAN CANDLE;https://fortnite.gg/cosmetics?id=5107;2,429;23;2.5K;674;827;270;884
5146;PUMP UP THE JAM;https://fortnite.gg/cosmetics?id=5146;9,847;38;7.8K;1.6K;2K;814;3.7K
5069;THE MACARENA;https://fortnite.gg/cosmetics?id=5069;17,035;58;16.3K;2.3K;1.6K;624;2.3K
4979;EUREKA!;https://fortnite.gg/cosmetics?id=4979;1,830;8;890;269;591;184;544
4977;ROLLY RIDER;https://fortnite.gg/cosmetics?id=4977;2,559;5;704;183;360;130;460
5066;SWEET VICTORY;https://fortnite.gg/cosmetics?id=5066;2,244;27;852;232;555;293;2.6K
5065;THREE WISE MONKEYS;https://fortnite.gg/cosmetics?id=5065;2,156;27;936;171;502;342;4.7K
4942;BUILD UP;https://fortnite.gg/cosmetics?id=4942;16,281;54;13.2K;2.5K;1.8K;851;3.6K
4905;CHUGGA-CHUGGA;https://fortnite.gg/cosmetics?id=4905;11,516;40;9.2K;1.6K;895;292;1K
4932;SOCKS;https://fortnite.gg/cosmetics?id=4932;18,588;69;18.6K;2.6K;2K;825;3.3K
4755;TEA TIME;https://fortnite.gg/cosmetics?id=4755;3,501;8;990;280;355;108;414
4767;DRIBBLIN';https://fortnite.gg/cosmetics?id=4767;4,823;30;1.3K;321;434;125;460
4762;MY WORLD;https://fortnite.gg/cosmetics?id=4762;24,321;70;28.1K;3.2K;1.7K;695;3.3K
4761;WAKE UP;https://fortnite.gg/cosmetics?id=4761;10,983;56;10.1K;1.8K;1.6K;637;2.5K
4741;GO APE;https://fortnite.gg/cosmetics?id=4741;2,303;89;635;145;177;80;266
4721;SQUASH & STRETCH;https://fortnite.gg/cosmetics?id=4721;6,559;41;8.6K;1K;554;197;894
4711;ONDA ONDA;https://fortnite.gg/cosmetics?id=4711;6,795;36;4.8K;925;1.6K;867;4.2K
4674;GET GRIDDY;https://fortnite.gg/cosmetics?id=4674;49,682;52;96.5K;5.2K;2.6K;1.4K;8K
4646;SWEATY;https://fortnite.gg/cosmetics?id=4646;3,199;41;2.3K;615;1.1K;445;1.3K
4645;SPROING!;https://fortnite.gg/cosmetics?id=4645;3,805;23;1.6K;501;591;187;525
4657;HIT IT;https://fortnite.gg/cosmetics?id=4657;18,896;68;16K;2.1K;1.6K;706;2.8K
4653;HEART-RIZON;https://fortnite.gg/cosmetics?id=4653;6,249;41;1.8K;486;394;207;610
3903;ON YOUR MARK...;https://fortnite.gg/cosmetics?id=3903;1,706;7;480;155;401;166;856
4625;SURVIVORSAULT;https://fortnite.gg/cosmetics?id=4625;3,945;15;1.2K;296;808;409;3.7K
4614;STAFF STAND;https://fortnite.gg/cosmetics?id=4614;4,035;24;1.7K;552;718;224;643
4619;LEAVE THE DOOR OPEN;https://fortnite.gg/cosmetics?id=4619;14,954;41;7.1K;1.1K;1K;520;1.9K
4613;EGG DROP SCOOP;https://fortnite.gg/cosmetics?id=4613;1,908;21;1.5K;497;928;413;1.8K
4573;LIL' OCTANE;https://fortnite.gg/cosmetics?id=4573;8,982;8;5K;789;435;131;477
4561;PHONO FOLLIES;https://fortnite.gg/cosmetics?id=4561;4,319;9;2.1K;311;322;126;433
4560;EXTRACURRICULARMOR;https://fortnite.gg/cosmetics?id=4560;2,081;49;663;152;120;39;149
4563;CHICKEN WING IT;https://fortnite.gg/cosmetics?id=4563;16,818;69;16.1K;2.4K;1.7K;835;4.7K
4552;AMAZING CUBE;https://fortnite.gg/cosmetics?id=4552;2,834;34;2.5K;901;2.1K;751;3.1K
4454;OFFICE CHARIOT;https://fortnite.gg/cosmetics?id=4454;6,968;23;2.1K;552;560;165;438
4453;LUNCH BREAK;https://fortnite.gg/cosmetics?id=4453;5,739;73;4.3K;930;1.3K;478;2.1K
4455;SHANTY FOR A SQUAD;https://fortnite.gg/cosmetics?id=4455;5,816;50;9.1K;1.8K;2.4K;972;5.2K
4428;PULL UP;https://fortnite.gg/cosmetics?id=4428;28,940;17;20.8K;1.9K;944;339;1.5K
4427;XENO MENACE;https://fortnite.gg/cosmetics?id=4427;2,063;49;940;146;142;83;243
4422;BURST CASE SCENARIO;https://fortnite.gg/cosmetics?id=4422;3,661;43;3.8K;878;990;470;2K
4408;SHORYUKEN!;https://fortnite.gg/cosmetics?id=4408;3,070;31;995;167;150;56;163
4407;LIGHTNING KICK!;https://fortnite.gg/cosmetics?id=4407;6,753;31;2.6K;442;209;86;298
4396;JUMBO POPCORN;https://fortnite.gg/cosmetics?id=4396;5,366;34;3.4K;856;885;266;776
4356;ON YOUR MARKS...;https://fortnite.gg/cosmetics?id=4356;1,682;10;631;209;429;159;531
4366;QUICK BITE;https://fortnite.gg/cosmetics?id=4366;6,377;93;3.9K;956;729;259;934
3752;DISTRACTED;https://fortnite.gg/cosmetics?id=3752;2,486;13;697;205;280;92;265
4355;BLOOMIN' BOUQUET;https://fortnite.gg/cosmetics?id=4355;3,483;61;4.2K;1.5K;2K;818;3.2K
4359;WANNA SEE ME;https://fortnite.gg/cosmetics?id=4359;14,975;20;6K;897;843;385;1.8K
4330;GANGNAM STYLE;https://fortnite.gg/cosmetics?id=4330;19,575;98;21.6K;2.8K;2.2K;973;3.2K
4321;PELÉ’S AIR PUNCH;https://fortnite.gg/cosmetics?id=4321;6,022;12;1.9K;307;519;173;935
4288;FANCY FOOTWORK;https://fortnite.gg/cosmetics?id=4288;3,447;47;3K;791;1.2K;449;2.7K
4324;CYBERDYNE SALUTE;https://fortnite.gg/cosmetics?id=4324;3,736;32;1.6K;266;270;96;300
4294;CONTROLLER CREW;https://fortnite.gg/cosmetics?id=4294;7,715;67;5.4K;1.1K;1.3K;632;3.4K
3990;SKIPPER;https://fortnite.gg/cosmetics?id=3990;2,730;12;602;199;390;121;328
3709;BULLY;https://fortnite.gg/cosmetics?id=3709;2,066;11;760;213;577;273;1.2K
4266;DON'T START NOW;https://fortnite.gg/cosmetics?id=4266;19,533;70;13K;2.4K;1.6K;644;2.2K
4261;OUT WITH THE OLD;https://fortnite.gg/cosmetics?id=4261;3,253;4;1.2K;165;148;59;228
3968;SAVAGE;https://fortnite.gg/cosmetics?id=3968;16,601;74;10.5K;2K;1.7K;776;2.8K
3909;PARTY FAVOR;https://fortnite.gg/cosmetics?id=3909;2,935;28;1.2K;457;775;260;941
3877;LIL' WARTHOG;https://fortnite.gg/cosmetics?id=3877;8,260;75;3.7K;630;444;130;399
3987;SING ALONG;https://fortnite.gg/cosmetics?id=3987;6,951;23;1.3K;194;175;58;167
3789;FREEZING BURST;https://fortnite.gg/cosmetics?id=3789;12,286;33;4.5K;437;338;110;434
3995;SMEEZE;https://fortnite.gg/cosmetics?id=3995;8,250;60;4.5K;1.1K;1.7K;629;2.2K
3914;PENALTY;https://fortnite.gg/cosmetics?id=3914;1,430;29;424;124;316;150;715
3848;IT'S GOOD!;https://fortnite.gg/cosmetics?id=3848;1,257;29;379;102;370;155;838
4074;WE ARE VENOM;https://fortnite.gg/cosmetics?id=4074;3,670;105;1.6K;246;173;75;226
4047;TINIEST VIOLIN;https://fortnite.gg/cosmetics?id=4047;3,911;18;1K;288;361;123;436
3938;PWR PUNCH;https://fortnite.gg/cosmetics?id=3938;3,821;77;3.2K;796;1.6K;656;3.6K
3849;JABBA SWITCHWAY;https://fortnite.gg/cosmetics?id=3849;44,007;20;34.1K;2.3K;1.3K;526;2.6K
3805;GO MUFASA;https://fortnite.gg/cosmetics?id=3805;32,241;20;20.1K;1.4K;807;367;1.5K
4091;ZOMBIE SHAMBLES;https://fortnite.gg/cosmetics?id=4091;6,410;1;1.7K;158;234;62;249
4049;TOASTY;https://fortnite.gg/cosmetics?id=4049;2,377;26;1.4K;495;731;206;668
3893;MORPH JUICE;https://fortnite.gg/cosmetics?id=3893;1,027;28;361;76;114;39;133
4039;THE FLOW;https://fortnite.gg/cosmetics?id=4039;6,772;26;4.7K;1K;1.8K;931;6.7K
3919;PICKIN';https://fortnite.gg/cosmetics?id=3919;6,912;21;2.3K;409;309;87;280
3686;BLINDING LIGHTS;https://fortnite.gg/cosmetics?id=3686;13,682;38;8.7K;1.7K;1.4K;545;1.8K
4083;WITCH WAY;https://fortnite.gg/cosmetics?id=4083;4,947;31;3K;686;722;223;712
3745;DAYWALKER'S KATA;https://fortnite.gg/cosmetics?id=3745;2,948;101;2.7K;861;1.8K;792;3.2K
3846;IT'S DYNAMITE!;https://fortnite.gg/cosmetics?id=3846;13,205;89;4.5K;766;470;224;1.6K
3838;I'M DIAMOND;https://fortnite.gg/cosmetics?id=3838;12,181;89;4K;739;457;217;1.5K
3961;ROLLIE;https://fortnite.gg/cosmetics?id=3961;22,926;84;27.2K;3K;1.6K;632;2.7K
3868;LAST FOREVER;https://fortnite.gg/cosmetics?id=3868;18,147;82;15K;2.1K;1.3K;561;2.2K
3822;HERO'S BEACON;https://fortnite.gg/cosmetics?id=3822;3,047;75;587;120;194;90;282
3970;SAY SO;https://fortnite.gg/cosmetics?id=3970;19,472;77;15.8K;2.9K;2K;873;3K
3845;IT'S COMPLICATED;https://fortnite.gg/cosmetics?id=3845;7,297;12;4.4K;408;352;121;403
3942;RAISE THE CUP;https://fortnite.gg/cosmetics?id=3942;5,835;2;3.2K;346;263;83;312
3905;OUT WEST;https://fortnite.gg/cosmetics?id=3905;27,964;25;17.1K;1.6K;867;342;1.2K
4033;TAXI!;https://fortnite.gg/cosmetics?id=4033;1,942;20;555;202;531;183;686
3707;BUCKLE UP;https://fortnite.gg/cosmetics?id=3707;4,767;19;3.3K;445;537;255;903
3672;BALLETIC;https://fortnite.gg/cosmetics?id=3672;4,312;18;1.6K;516;651;332;1.3K
4040;THE RENEGADE;https://fortnite.gg/cosmetics?id=4040;16,588;68;12.4K;2K;1.6K;701;3K
3684;BHANGRA BOOGIE;https://fortnite.gg/cosmetics?id=3684;7,840;30;5.8K;945;919;344;1.3K
3797;GET LOOSE;https://fortnite.gg/cosmetics?id=3797;3,253;22;1.6K;388;627;200;671
3809;GRAND SALUTE;https://fortnite.gg/cosmetics?id=3809;3,742;118;2.2K;637;914;370;1.3K
3963;SACKIN';https://fortnite.gg/cosmetics?id=3963;2,183;31;974;331;680;220;783
4068;WADDLE AWAY;https://fortnite.gg/cosmetics?id=4068;3,201;27;1.7K;485;814;297;1K
3953;RIBBON DANCER;https://fortnite.gg/cosmetics?id=3953;4,389;12;1.2K;296;226;88;237
3697;BOUNCE BERRY;https://fortnite.gg/cosmetics?id=3697;4,290;75;3K;941;1.5K;626;2.9K
3907;PADDLE ROYALE;https://fortnite.gg/cosmetics?id=3907;2,325;10;389;103;155;42;161
4050;TOOSIE SLIDE;https://fortnite.gg/cosmetics?id=4050;21,139;65;19.5K;2.5K;1.6K;576;2.4K
4006;SPIN OUT;https://fortnite.gg/cosmetics?id=4006;1,086;40;256;70;133;48;223
3714;BUTTERFLY KNIFE;https://fortnite.gg/cosmetics?id=3714;1,352;12;329;85;101;33;141
4019;STRUT;https://fortnite.gg/cosmetics?id=4019;2,901;15;1.2K;306;434;136;373
3819;HEAD BANGER;https://fortnite.gg/cosmetics?id=3819;29,719;6;14.6K;1K;747;264;1.5K
3759;DYNAMIC SHUFFLE;https://fortnite.gg/cosmetics?id=3759;7,188;23;3.9K;627;767;353;907
3736;CRAZYBOY;https://fortnite.gg/cosmetics?id=3736;7,768;35;6.3K;1K;1.6K;737;2.5K
3827;HOPPITY;https://fortnite.gg/cosmetics?id=3827;2,328;26;1.2K;349;492;187;787
3972;SCOOTIN';https://fortnite.gg/cosmetics?id=3972;9,437;148;13.2K;2.1K;1.3K;428;1.7K
3725;CHIMICHANGA!;https://fortnite.gg/cosmetics?id=3725;4,945;148;6.9K;1.5K;1.8K;636;2.4K
3690;BOLD STANCE;https://fortnite.gg/cosmetics?id=3690;4,175;29;2.7K;600;775;278;1K
3865;KITE!;https://fortnite.gg/cosmetics?id=3865;2,424;18;877;303;475;180;445
4076;WELL ROUNDED;https://fortnite.gg/cosmetics?id=4076;3,429;21;1.7K;345;387;125;321
3933;PRIMO MOVES;https://fortnite.gg/cosmetics?id=3933;4,973;23;3.3K;769;1.1K;348;1.2K
3967;SASQUATCHIN';https://fortnite.gg/cosmetics?id=3967;2,249;28;1.1K;309;694;295;1.1K
4014;STEAMED;https://fortnite.gg/cosmetics?id=4014;4,043;27;1.9K;623;1.1K;386;1.8K
3915;PHEW!;https://fortnite.gg/cosmetics?id=3915;2,781;30;2.2K;786;1.7K;590;2.3K
3665;ADVANCED MATH;https://fortnite.gg/cosmetics?id=3665;3,889;19;1.7K;392;471;226;836
3910;PARTY HIPS;https://fortnite.gg/cosmetics?id=3910;11,760;53;16.2K;2.1K;1.3K;515;2K
3896;NEVER GONNA;https://fortnite.gg/cosmetics?id=3896;18,823;80;26.4K;2.5K;1.8K;734;2.7K
3784;FOCUSED;https://fortnite.gg/cosmetics?id=3784;4,868;45;3K;964;1.4K;471;1.5K
3943;RAISE THE ROOF;https://fortnite.gg/cosmetics?id=3943;4,233;46;4K;868;1K;332;1.2K
3874;LEAPIN';https://fortnite.gg/cosmetics?id=3874;3,844;28;2.2K;557;772;290;1.2K
3786;FREEMIX;https://fortnite.gg/cosmetics?id=3786;4,034;17;1.8K;278;357;173;704
3975;SHADOW SPAR;https://fortnite.gg/cosmetics?id=3975;2,055;30;1.4K;537;1.3K;527;2.2K
3718;CAP KICK;https://fortnite.gg/cosmetics?id=3718;3,004;33;1.2K;403;701;213;778
3774;FISHIN';https://fortnite.gg/cosmetics?id=3774;7,298;28;4.2K;704;974;455;1.5K
3925;POKI;https://fortnite.gg/cosmetics?id=3925;16,273;44;8.3K;1.8K;1.4K;726;2.8K
3715;C'MERE;https://fortnite.gg/cosmetics?id=3715;2,525;26;660;219;411;120;337
3897;NINJA STYLE;https://fortnite.gg/cosmetics?id=3897;12,398;65;10.3K;1.7K;1.2K;586;3K
4000;SNOW DAY;https://fortnite.gg/cosmetics?id=4000;4,041;8;980;197;159;38;144
3668;AROUND THE CLOCK;https://fortnite.gg/cosmetics?id=3668;4,413;14;2K;364;344;131;401
3930;POWER ROAR;https://fortnite.gg/cosmetics?id=3930;2,491;109;835;131;173;78;273
3954;RIDE ALONG;https://fortnite.gg/cosmetics?id=3954;3,653;35;2.8K;807;644;220;782
3956;RING IT ON;https://fortnite.gg/cosmetics?id=3956;3,801;38;3.8K;842;629;230;919
3743;DARK SIDE;https://fortnite.gg/cosmetics?id=3743;4,273;98;4.9K;1.1K;1.4K;528;2.4K
3675;BANNER WAVE;https://fortnite.gg/cosmetics?id=3675;2,280;53;1.8K;568;926;409;1.7K
4052;TRAITOR!;https://fortnite.gg/cosmetics?id=4052;4,197;64;2.4K;494;503;232;941
3949;RESISTANCE THUMBS UP;https://fortnite.gg/cosmetics?id=3949;3,081;76;2.6K;553;996;456;2.5K
3818;HAVE A SEAT;https://fortnite.gg/cosmetics?id=3818;8,590;53;3.9K;823;725;159;557
3769;FEELIN' JAUNTY;https://fortnite.gg/cosmetics?id=3769;5,650;37;5.5K;1.2K;1.3K;520;1.7K
3802;GLYPHIC;https://fortnite.gg/cosmetics?id=3802;7,412;8;3.8K;459;337;122;397
3817;HARMONY;https://fortnite.gg/cosmetics?id=3817;1,871;16;1K;361;931;333;1.5K
4084;WITCHCRAFT;https://fortnite.gg/cosmetics?id=4084;1,314;29;353;86;101;40;181
4087;XYLO-BONE;https://fortnite.gg/cosmetics?id=4087;2,501;48;1.8K;251;182;76;218
3791;FRIGHT FUNK;https://fortnite.gg/cosmetics?id=3791;8,265;27;10.4K;1.2K;863;389;1.1K
3753;DOUBLE UP;https://fortnite.gg/cosmetics?id=3753;5,253;37;3.3K;924;1.1K;404;1.4K
3934;PUMP IT UP;https://fortnite.gg/cosmetics?id=3934;5,321;14;3.1K;445;335;128;405
4092;ZOMBIFIED;https://fortnite.gg/cosmetics?id=4092;3,576;30;2.4K;530;679;223;666
3673;BALLSY;https://fortnite.gg/cosmetics?id=3673;2,544;35;2.7K;815;1.2K;405;1.5K
3844;ISLAND VIBES;https://fortnite.gg/cosmetics?id=3844;4,200;35;1.7K;443;334;121;327
3920;PIROUETTE;https://fortnite.gg/cosmetics?id=3920;3,760;36;2.7K;731;1.5K;669;2.5K
3750;DISC SPINNER;https://fortnite.gg/cosmetics?id=3750;3,540;13;2K;354;431;125;397
3886;MARTIAL ARTS MASTER;https://fortnite.gg/cosmetics?id=3886;2,901;74;1.4K;419;683;237;871
4075;WELCOME!;https://fortnite.gg/cosmetics?id=4075;3,176;3;785;101;123;31;190
3804;GO HOME!;https://fortnite.gg/cosmetics?id=3804;2,669;3;489;52;131;47;345
3927;POOF;https://fortnite.gg/cosmetics?id=3927;2,210;11;501;155;235;80;227
4013;STATUESQUE;https://fortnite.gg/cosmetics?id=4013;3,295;13;682;184;246;82;240
3940;RAGE QUIT;https://fortnite.gg/cosmetics?id=3940;5,700;70;8K;2.1K;2.5K;816;3.1K
3921;PIZZA PARTY;https://fortnite.gg/cosmetics?id=3921;5,520;54;4.2K;912;744;225;773
3792;FULL TILT;https://fortnite.gg/cosmetics?id=3792;6,574;50;3.6K;797;977;412;1.6K
4037;TEAM SPACE;https://fortnite.gg/cosmetics?id=4037;1,638;11;1.1K;246;417;170;757
4078;WHIPCRACK;https://fortnite.gg/cosmetics?id=4078;5,161;78;2.3K;490;687;282;964
3676;BAT SIGNAL;https://fortnite.gg/cosmetics?id=3676;3,861;78;1.7K;477;627;210;748
4027;TACO TIME;https://fortnite.gg/cosmetics?id=4027;6,831;24;3.9K;495;316;121;475
4056;TSSSSS;https://fortnite.gg/cosmetics?id=4056;5,252;11;2.9K;378;478;195;639
3854;JITTERBUG;https://fortnite.gg/cosmetics?id=3854;4,437;26;4.5K;1K;1.5K;605;2K
3816;HANG ON;https://fortnite.gg/cosmetics?id=3816;3,723;16;741;187;273;80;221
3880;LLAMA CONGA;https://fortnite.gg/cosmetics?id=3880;3,399;14;1.4K;266;331;135;426
4064;VERY SNEAKY;https://fortnite.gg/cosmetics?id=4064;4,414;23;2.6K;473;516;165;534
3872;LAZER FLEX;https://fortnite.gg/cosmetics?id=3872;2,178;13;605;112;374;214;1.4K
3871;LAZER BLAST;https://fortnite.gg/cosmetics?id=3871;13,828;13;8.2K;989;681;236;864
3892;MOON BOUNCE;https://fortnite.gg/cosmetics?id=3892;3,421;12;1.1K;262;408;142;379
3840;INFECTIOUS;https://fortnite.gg/cosmetics?id=3840;5,968;49;6.9K;1.4K;1.7K;728;2.4K
4038;TEAM TOMATO;https://fortnite.gg/cosmetics?id=4038;1,698;13;872;172;283;114;532
4034;TEAM BURGER;https://fortnite.gg/cosmetics?id=4034;1,938;13;817;190;273;85;619
4020;SUGAR RUSH;https://fortnite.gg/cosmetics?id=4020;4,204;19;2.4K;454;555;210;570
4082;WINDMILL FLOSS;https://fortnite.gg/cosmetics?id=4082;7,586;57;7.8K;1.6K;1.7K;672;2.4K
4077;WHERE IS MATT?;https://fortnite.gg/cosmetics?id=4077;3,073;11;1.4K;276;499;207;780
4065;VIBIN';https://fortnite.gg/cosmetics?id=4065;4,480;13;1.7K;329;340;101;259
3711;BURPEE;https://fortnite.gg/cosmetics?id=3711;2,606;24;1K;293;652;246;1.1K
3712;BUSINESS HIPS;https://fortnite.gg/cosmetics?id=3712;3,943;30;2.6K;806;1.5K;615;2.4K
3864;KISS THE CUP;https://fortnite.gg/cosmetics?id=3864;5,270;2;1.9K;213;183;48;242
3952;REVEL;https://fortnite.gg/cosmetics?id=3952;5,050;54;5.3K;1.2K;1.5K;549;1.8K
3969;SAVOR THE W;https://fortnite.gg/cosmetics?id=3969;6,668;33;6.3K;1K;1.1K;452;1.4K
3859;JUMPING JACKS;https://fortnite.gg/cosmetics?id=3859;2,099;9;542;114;250;85;314
3883;MAKE IT PLANTAIN;https://fortnite.gg/cosmetics?id=3883;3,295;30;2.4K;558;542;185;599
3898;NO SWEAT;https://fortnite.gg/cosmetics?id=3898;5,910;49;4.9K;1K;1K;401;1.4K
4057;TURBOCHARGED;https://fortnite.gg/cosmetics?id=4057;1,496;49;450;97;102;37;121
4036;TEAM MONSTER;https://fortnite.gg/cosmetics?id=4036;2,017;31;1K;271;567;266;1.5K
4035;TEAM MECH;https://fortnite.gg/cosmetics?id=4035;2,435;31;1.4K;335;557;240;1.1K
3763;EXTRATERRESTRIAL;https://fortnite.gg/cosmetics?id=3763;3,792;46;2.8K;696;1K;393;1K
3798;GLITTER;https://fortnite.gg/cosmetics?id=3798;8,352;52;5.7K;1.2K;1.2K;552;1.6K
4085;WORK IT;https://fortnite.gg/cosmetics?id=4085;5,195;43;5.3K;1.2K;1.7K;745;2.2K
3733;CRABBY;https://fortnite.gg/cosmetics?id=3733;6,085;43;3.4K;565;408;205;508
3918;PICK IT UP;https://fortnite.gg/cosmetics?id=3918;5,248;9;4.7K;480;659;241;935
3989;SIZZLIN';https://fortnite.gg/cosmetics?id=3989;4,892;34;3.6K;856;803;229;835
3815;HANG LOOSE;https://fortnite.gg/cosmetics?id=3815;2,736;21;1.8K;554;995;364;1.2K
3698;BOUNCER;https://fortnite.gg/cosmetics?id=3698;4,957;33;1.9K;428;352;122;313
3746;DEEP DAB;https://fortnite.gg/cosmetics?id=3746;3,980;41;2.2K;566;811;304;1.1K
3986;SIGNATURE SHUFFLE;https://fortnite.gg/cosmetics?id=3986;6,244;38;3.6K;883;880;279;929
3812;GUITAR WALK;https://fortnite.gg/cosmetics?id=3812;5,753;29;3.7K;705;767;292;989
3882;LOCK IT UP;https://fortnite.gg/cosmetics?id=3882;3,588;37;779;209;417;171;565
3685;BILLY BOUNCE;https://fortnite.gg/cosmetics?id=3685;19,580;64;32K;2.8K;1.7K;683;2.1K
3720;CARTWHEELIN';https://fortnite.gg/cosmetics?id=3720;4,243;13;647;184;261;81;262
3778;FLEX ON 'EM;https://fortnite.gg/cosmetics?id=3778;2,956;9;512;114;198;103;187
3706;BUCKETS;https://fortnite.gg/cosmetics?id=3706;3,608;10;610;138;225;80;196
3900;OLD SCHOOL;https://fortnite.gg/cosmetics?id=3900;4,669;30;3.8K;900;1.2K;461;1.3K
3708;BULLETPROOF;https://fortnite.gg/cosmetics?id=3708;3,656;40;4.6K;845;1.3K;412;1.7K
3679;BE SEEING YOU;https://fortnite.gg/cosmetics?id=3679;3,177;40;4.4K;888;1.6K;467;1.8K
3932;PRICKLY POSE;https://fortnite.gg/cosmetics?id=3932;2,514;9;540;173;263;95;231
3870;LAVISH;https://fortnite.gg/cosmetics?id=3870;4,383;11;2.6K;351;386;175;613
3741;DANCE OFF;https://fortnite.gg/cosmetics?id=3741;6,546;67;6.3K;928;787;298;1.2K
4080;WIDOW’S PIROUETTE;https://fortnite.gg/cosmetics?id=4080;6,282;10;3.7K;566;676;240;1K
3710;BUNNY HOP;https://fortnite.gg/cosmetics?id=3710;4,171;29;2.1K;506;609;259;1.1K
4023;SWITCHSTEP;https://fortnite.gg/cosmetics?id=4023;6,576;51;9.5K;2K;2.7K;927;3.3K
3755;DREAM FEET;https://fortnite.gg/cosmetics?id=3755;6,365;41;3K;531;383;133;348
3852;JAZZ HANDS;https://fortnite.gg/cosmetics?id=3852;2,786;35;2.2K;819;1.7K;636;2.3K
3765;FANCIFUL;https://fortnite.gg/cosmetics?id=3765;3,257;9;1K;206;241;116;357
3936;PUNCHED UP;https://fortnite.gg/cosmetics?id=3936;1,873;25;1.8K;782;2.4K;877;4.5K
3773;FIRE SPINNER;https://fortnite.gg/cosmetics?id=3773;4,545;40;2.1K;513;514;210;423
4007;SPRING-LOADED;https://fortnite.gg/cosmetics?id=4007;4,048;26;1.3K;393;644;226;614
3758;DRUM MAJOR;https://fortnite.gg/cosmetics?id=3758;4,188;18;1.6K;312;432;175;537
3991;SLAP HAPPY;https://fortnite.gg/cosmetics?id=3991;3,098;18;1.8K;400;702;364;1.4K
3941;RAINING DOUBLOONS;https://fortnite.gg/cosmetics?id=3941;2,370;26;2.1K;679;974;316;1.3K
3974;SHADOW BOXER;https://fortnite.gg/cosmetics?id=3974;3,161;38;1.8K;671;1.3K;490;2K
3767;FANDANGLE;https://fortnite.gg/cosmetics?id=3767;4,283;15;1.8K;246;335;161;470
3703;BREEZY;https://fortnite.gg/cosmetics?id=3703;3,172;13;1K;202;338;135;461
4010;SPYGLASS;https://fortnite.gg/cosmetics?id=4010;3,372;13;1.3K;289;373;104;426
3850;JAMBOREE;https://fortnite.gg/cosmetics?id=3850;2,964;17;1.2K;284;439;186;638
3906;OVERDRIVE;https://fortnite.gg/cosmetics?id=3906;4,241;14;1.7K;295;259;98;270
3744;DAYDREAM;https://fortnite.gg/cosmetics?id=3744;6,909;79;8.6K;2.3K;2.9K;1.2K;4.7K
3992;SLICK;https://fortnite.gg/cosmetics?id=3992;6,251;29;5.5K;956;1K;428;1.3K
3666;AIR HORN;https://fortnite.gg/cosmetics?id=3666;4,894;28;1.2K;267;262;88;268
3723;CHEER UP;https://fortnite.gg/cosmetics?id=3723;5,740;21;2K;462;418;141;390
4046;TIME OUT;https://fortnite.gg/cosmetics?id=4046;2,189;35;444;171;373;102;517
3801;GLOWSTICKS;https://fortnite.gg/cosmetics?id=3801;4,023;75;2.2K;636;670;241;611
3885;MARSH WALK;https://fortnite.gg/cosmetics?id=3885;13,217;44;13K;1.7K;1.1K;468;2K
3688;BOBBIN';https://fortnite.gg/cosmetics?id=3688;3,268;17;1.5K;326;584;265;1K
4079;WHIRLWIND;https://fortnite.gg/cosmetics?id=4079;3,416;16;1.6K;378;463;185;440
3839;IDK;https://fortnite.gg/cosmetics?id=3839;4,498;28;2.7K;779;1.1K;309;973
3783;FLUX;https://fortnite.gg/cosmetics?id=3783;3,754;16;1.5K;306;397;161;430
3873;LAZY SHUFFLE;https://fortnite.gg/cosmetics?id=3873;4,998;29;4.8K;1K;1.6K;578;2K
3866;KNEE SLAPPER;https://fortnite.gg/cosmetics?id=3866;4,320;39;2.6K;572;740;259;819
3891;MIND BLOWN;https://fortnite.gg/cosmetics?id=3891;3,648;24;631;212;255;75;221
3811;GROUND POUND;https://fortnite.gg/cosmetics?id=3811;3,969;55;3.6K;1.4K;3.6K;1.2K;6.4K
3979;SHAOLIN SIT-UP;https://fortnite.gg/cosmetics?id=3979;4,419;46;1.2K;383;500;166;410
3727;CLEAN GROOVE;https://fortnite.gg/cosmetics?id=3727;3,716;30;2.6K;739;1.5K;588;2.1K
3664;ACCOLADES;https://fortnite.gg/cosmetics?id=3664;3,966;14;1.5K;354;416;157;519
4061;UNWRAPPED;https://fortnite.gg/cosmetics?id=4061;3,018;37;1.7K;548;755;230;887
3734;CRACKDOWN;https://fortnite.gg/cosmetics?id=3734;6,233;59;4.9K;789;613;237;854
3983;SHOWSTOPPER;https://fortnite.gg/cosmetics?id=3983;5,334;36;4K;844;1.1K;456;1.5K
3670;BACKSTROKE;https://fortnite.gg/cosmetics?id=3670;4,513;34;3.6K;1K;1.7K;587;2.1K
3890;MIME TIME;https://fortnite.gg/cosmetics?id=3890;4,373;21;2.1K;547;613;225;557
3916;PHONE IT IN;https://fortnite.gg/cosmetics?id=3916;13,014;50;19.1K;2.5K;1.4K;537;1.7K
3973;SCORECARD;https://fortnite.gg/cosmetics?id=3973;4,092;31;1.1K;356;431;115;355
3691;BOMBASTIC;https://fortnite.gg/cosmetics?id=3691;3,956;11;2K;351;433;169;499
3828;HOT MARAT;https://fortnite.gg/cosmetics?id=3828;9,091;2;7.2K;712;571;177;638
3735;CRAZY FEET;https://fortnite.gg/cosmetics?id=3735;3,810;18;2K;395;462;170;410
4028;TAI CHI;https://fortnite.gg/cosmetics?id=4028;3,399;19;1.4K;329;356;152;410
3881;LLAMACADABRA;https://fortnite.gg/cosmetics?id=3881;4,319;28;3.1K;942;1.3K;454;1.8K
3748;DENIED;https://fortnite.gg/cosmetics?id=3748;2,722;42;1.4K;468;1.3K;369;1.8K
4005;SPIKE IT;https://fortnite.gg/cosmetics?id=4005;2,616;35;975;266;301;116;512
3713;BUSY;https://fortnite.gg/cosmetics?id=3713;6,905;20;1.8K;347;318;76;285
3737;CRISS CROSS;https://fortnite.gg/cosmetics?id=3737;3,969;34;4.3K;1.3K;2.3K;788;2.5K
3857;JUGGLIN';https://fortnite.gg/cosmetics?id=3857;2,672;19;1.1K;410;643;180;472
3832;HOWL;https://fortnite.gg/cosmetics?id=3832;4,866;33;1.1K;279;499;166;505
4053;TREAT YOURSELF;https://fortnite.gg/cosmetics?id=4053;3,149;31;1.8K;517;589;157;490
3820;HEADBANGER;https://fortnite.gg/cosmetics?id=3820;4,506;49;5.1K;1.3K;2.4K;1K;4.1K
3762;ELECTRO SWING;https://fortnite.gg/cosmetics?id=3762;12,598;67;20.1K;2.1K;1.4K;554;1.7K
4009;SPRINKLER;https://fortnite.gg/cosmetics?id=4009;6,451;13;2.6K;397;342;125;381
3682;BEHOLD!;https://fortnite.gg/cosmetics?id=3682;5,415;33;1.2K;439;535;138;414
3757;DROP THE BASS;https://fortnite.gg/cosmetics?id=3757;7,024;83;4.3K;819;473;198;518
4026;T-POSE;https://fortnite.gg/cosmetics?id=4026;8,956;45;7.8K;953;982;319;1.2K
4003;SOMETHING STINKS;https://fortnite.gg/cosmetics?id=4003;2,967;20;1.3K;300;520;196;790
3996;SMOOTH MOVES;https://fortnite.gg/cosmetics?id=3996;10,351;64;10.4K;1.7K;1.4K;497;1.7K
3678;BATTLE CALL;https://fortnite.gg/cosmetics?id=3678;3,792;37;1K;327;521;170;389
3824;HITCHHIKER;https://fortnite.gg/cosmetics?id=3824;3,216;13;1.3K;313;536;197;630
3894;MY IDOL!;https://fortnite.gg/cosmetics?id=3894;3,632;17;1.3K;365;599;195;723
4067;VIVACIOUS;https://fortnite.gg/cosmetics?id=4067;6,274;13;3.5K;378;417;154;506
3775;FIST PUMP;https://fortnite.gg/cosmetics?id=3775;2,071;16;643;171;442;141;513
3766;FANCY FEET;https://fortnite.gg/cosmetics?id=3766;5,105;21;1.8K;317;385;110;354
3855;JOB WELL DONE;https://fortnite.gg/cosmetics?id=3855;2,720;31;2.2K;770;1.9K;526;1.8K
3977;SHAKE IT UP;https://fortnite.gg/cosmetics?id=3977;4,284;15;1.2K;325;293;105;267
3742;DANCE THERAPY;https://fortnite.gg/cosmetics?id=3742;6,379;41;4.5K;829;978;422;1.5K
3842;INTENSITY;https://fortnite.gg/cosmetics?id=3842;5,676;34;3.2K;573;706;251;935
3719;CAPOEIRA;https://fortnite.gg/cosmetics?id=3719;3,522;18;1.1K;283;381;142;410
3931;PRAISE THE TOMATO;https://fortnite.gg/cosmetics?id=3931;3,799;9;1.2K;226;243;96;263
3879;LLAMA BELL;https://fortnite.gg/cosmetics?id=3879;7,683;46;4.5K;735;505;171;587
3814;HAND SIGNALS;https://fortnite.gg/cosmetics?id=3814;7,706;30;4K;515;331;115;410
3829;HOT STUFF;https://fortnite.gg/cosmetics?id=3829;4,965;24;1K;271;401;138;429
4086;WORK IT OUT;https://fortnite.gg/cosmetics?id=4086;6,776;25;2.3K;401;338;136;421
3878;LIVING LARGE;https://fortnite.gg/cosmetics?id=3878;5,756;30;3.1K;639;890;332;1.1K
3806;GO! GO! GO!;https://fortnite.gg/cosmetics?id=3806;2,401;9;381;106;219;69;243
3935;PUMPERNICKEL;https://fortnite.gg/cosmetics?id=3935;6,098;46;4.4K;799;1.2K;468;1.6K
3772;FINGER WAG;https://fortnite.gg/cosmetics?id=3772;4,877;27;1.1K;321;520;130;327
3902;ON THE HOOK;https://fortnite.gg/cosmetics?id=3902;2,585;11;572;137;260;86;252
3780;FLIPPIN' INCREDIBLE;https://fortnite.gg/cosmetics?id=3780;3,976;26;2.1K;689;1.2K;426;1.4K
3833;HULA;https://fortnite.gg/cosmetics?id=3833;5,706;32;1.6K;436;438;192;491
4058;TWIST;https://fortnite.gg/cosmetics?id=4058;8,082;62;8.4K;1.4K;1.5K;459;1.7K
15295;HEARTILLERY;https://fortnite.gg/cosmetics?id=15295;228;0;0;0;0;0;0
15388;MONKEYSTAFF;https://fortnite.gg/cosmetics?id=15388;103;0;0;0;0;0;0
15382;TUNING;https://fortnite.gg/cosmetics?id=15382;177;0;0;0;0;0;0
15384;BOOMERANG;https://fortnite.gg/cosmetics?id=15384;130;0;0;0;0;0;0
15380;AMAZING FEETS;https://fortnite.gg/cosmetics?id=15380;148;0;0;0;0;0;0
15377;LLAMAZING;https://fortnite.gg/cosmetics?id=15377;143;0;0;0;0;0;0
15376;HELICHOPPER;https://fortnite.gg/cosmetics?id=15376;70;0;0;0;0;0;0
15300;THE BREAK SHOT;https://fortnite.gg/cosmetics?id=15300;149;0;0;0;0;0;0
15299;RHYTHM OF CHAOS;https://fortnite.gg/cosmetics?id=15299;252;0;0;0;0;0;0
15297;PURR-DEMONIUM;https://fortnite.gg/cosmetics?id=15297;203;0;0;0;0;0;0
15296;SKATEMONSTER;https://fortnite.gg/cosmetics?id=15296;162;0;0;0;0;0;0
15387;STAND SURFER;https://fortnite.gg/cosmetics?id=15387;57;0;0;0;0;0;0
15383;TUNAGE;https://fortnite.gg/cosmetics?id=15383;120;0;0;0;0;0;0
15092;CAULDRON CHILL;https://fortnite.gg/cosmetics?id=15092;466;0;0;0;0;0;0
15090;LEAF BLOWER;https://fortnite.gg/cosmetics?id=15090;1,284;0;0;0;0;0;0
14803;BIRD CALL;https://fortnite.gg/cosmetics?id=14803;665;0;0;0;0;0;0
4066;VICTORY VON DOOM;https://fortnite.gg/cosmetics?id=4066;6,719;0;2.5K;293;180;83;238
14705;DOOM'S DOMAIN;https://fortnite.gg/cosmetics?id=14705;355;0;1K;118;119;25;137
14521;VANGUARD'S CHARGE;https://fortnite.gg/cosmetics?id=14521;263;0;631;108;191;48;210
11495;SHOWBOAT;https://fortnite.gg/cosmetics?id=11495;908;0;955;200;467;228;1.3K
12068;PULL UP;https://fortnite.gg/cosmetics?id=12068;387;0;489;116;232;116;734
11483;SLAMMIN' BASS;https://fortnite.gg/cosmetics?id=11483;639;0;672;111;280;129;751
12652;SHADOW VOX;https://fortnite.gg/cosmetics?id=12652;423;0;440;98;173;96;482
14628;STICK 'EM UP;https://fortnite.gg/cosmetics?id=14628;740;0;628;149;219;82;371
14631;GROUNDSKEEPER;https://fortnite.gg/cosmetics?id=14631;516;0;445;79;140;62;338
14627;CYMBALISM;https://fortnite.gg/cosmetics?id=14627;394;0;317;76;167;64;470
14532;(SNIKT!);https://fortnite.gg/cosmetics?id=14532;324;0;368;63;81;19;64
14531;PEEL OUT;https://fortnite.gg/cosmetics?id=14531;303;0;372;89;64;19;79
14529;MYSTERIO'S MAGIC TRICK;https://fortnite.gg/cosmetics?id=14529;293;0;343;74;83;18;59
14528;TAKE THE MANTLE;https://fortnite.gg/cosmetics?id=14528;323;0;453;82;70;14;63
14527;HELLFIRE DANCE;https://fortnite.gg/cosmetics?id=14527;474;0;1.8K;168;146;52;228
14526;GWEN-STEP;https://fortnite.gg/cosmetics?id=14526;317;0;1.1K;151;118;29;156
14525;FIREWORKS SALVO;https://fortnite.gg/cosmetics?id=14525;277;0;416;87;88;19;56
14524;CAPTAIN LLAMERICA;https://fortnite.gg/cosmetics?id=14524;263;0;587;73;93;29;99
14638;MIC'D UP MOVES;https://fortnite.gg/cosmetics?id=14638;155;0;202;23;59;24;104
14634;HEADS UP;https://fortnite.gg/cosmetics?id=14634;148;0;210;27;51;24;96
14448;TRUNKS' CHARGING UP;https://fortnite.gg/cosmetics?id=14448;330;0;333;36;40;22;95
14384;GLITTER UP;https://fortnite.gg/cosmetics?id=14384;2,224;0;1.3K;260;396;178;703
14270;THE SNOWBLOWER;https://fortnite.gg/cosmetics?id=14270;2,259;0;2.6K;298;350;172;651
14273;SUN SOAKIN';https://fortnite.gg/cosmetics?id=14273;807;0;648;121;339;112;412
12761;JAR OF DIRT;https://fortnite.gg/cosmetics?id=12761;1,014;0;1.6K;175;200;68;260
12760;SPARROW RUN;https://fortnite.gg/cosmetics?id=12760;1,901;0;3.9K;301;231;99;403
12759;DISASSEMBLE;https://fortnite.gg/cosmetics?id=12759;521;0;1.4K;182;172;51;189
12615;INVISIBLE STAIRS;https://fortnite.gg/cosmetics?id=12615;1,376;0;1.1K;196;452;183;1.6K
12651;ASANA SONIC;https://fortnite.gg/cosmetics?id=12651;540;0;458;97;205;119;694
12649;BIG BREAK;https://fortnite.gg/cosmetics?id=12649;735;0;733;139;238;109;451
12648;ROUNDHOUSE;https://fortnite.gg/cosmetics?id=12648;120;0;120;33;65;31;97
12647;PARADE RIFFS;https://fortnite.gg/cosmetics?id=12647;145;0;245;37;69;23;120
12645;GET LOST;https://fortnite.gg/cosmetics?id=12645;174;0;215;33;63;21;93
12421;CODSWORTH'S CLEANUP;https://fortnite.gg/cosmetics?id=12421;468;0;892;134;185;42;156
12424;FIRE SHOW;https://fortnite.gg/cosmetics?id=12424;293;0;406;122;153;37;118
12423;PEA PART HARMONY;https://fortnite.gg/cosmetics?id=12423;427;0;1.7K;208;151;57;215
12422;BRITE MOVES;https://fortnite.gg/cosmetics?id=12422;747;0;2.4K;230;263;74;297
12420;WASTELAND ROCK;https://fortnite.gg/cosmetics?id=12420;402;0;1.7K;186;153;53;197
12419;MAKE A SEAT;https://fortnite.gg/cosmetics?id=12419;312;0;796;183;171;34;131
12418;GET NITRO'D;https://fortnite.gg/cosmetics?id=12418;276;0;604;106;117;25;128
12236;WOOKIEE WAR CRY;https://fortnite.gg/cosmetics?id=12236;503;0;633;83;66;30;135
12176;SERENI-TEA;https://fortnite.gg/cosmetics?id=12176;5,206;0;3.4K;406;268;105;327
12072;SPINBACK;https://fortnite.gg/cosmetics?id=12072;219;0;229;38;84;49;220
11824;AVATAR'S FLOURISH;https://fortnite.gg/cosmetics?id=11824;681;0;1.5K;244;206;48;220
11826;POTTED GROOT DANCE;https://fortnite.gg/cosmetics?id=11826;1,221;0;1.7K;156;174;64;376
11823;ZARGNUT INVISIBILITY;https://fortnite.gg/cosmetics?id=11823;1,581;0;1.9K;143;175;55;263
11584;CONCH CALL;https://fortnite.gg/cosmetics?id=11584;517;0;1.1K;216;175;59;141
11577;DARK TRANSFORMATION;https://fortnite.gg/cosmetics?id=11577;712;0;1.3K;175;142;49;187
11583;TEMPEST FLIGHT;https://fortnite.gg/cosmetics?id=11583;773;0;1.5K;220;205;54;198
11582;MOONLIT MYSTERY;https://fortnite.gg/cosmetics?id=11582;1,531;0;6.2K;572;338;138;680
11581;SERPENTINE SUMMONING;https://fortnite.gg/cosmetics?id=11581;841;0;1.5K;255;195;62;246
11578;SHADEBOX;https://fortnite.gg/cosmetics?id=11578;519;0;739;162;207;62;152
11580;SWEET SWING;https://fortnite.gg/cosmetics?id=11580;1,328;0;1.5K;295;193;70;190
11455;TREADIN';https://fortnite.gg/cosmetics?id=11455;2,453;0;2.1K;342;401;142;584
11491;CRAB WALKIN';https://fortnite.gg/cosmetics?id=11491;472;0;917;82;131;43;239
11489;STRAP SPIN;https://fortnite.gg/cosmetics?id=11489;273;0;304;58;119;38;151
11485;BACKBEAT BOW;https://fortnite.gg/cosmetics?id=11485;295;0;301;79;104;39;167
11342;NINJA STANCE: RAPH;https://fortnite.gg/cosmetics?id=11342;514;0;949;152;188;41;218
11341;NINJA STANCE: DONNIE;https://fortnite.gg/cosmetics?id=11341;481;0;765;127;162;35;171
11340;NINJA STANCE: MIKEY;https://fortnite.gg/cosmetics?id=11340;531;0;1.1K;155;133;40;191
11339;NINJA STANCE: LEO;https://fortnite.gg/cosmetics?id=11339;468;0;855;152;149;41;196
11338;BATTLE PREP: SUPER;https://fortnite.gg/cosmetics?id=11338;467;0;686;108;165;68;204
11337;BATTLE PREP;https://fortnite.gg/cosmetics?id=11337;438;0;545;96;156;68;202
11226;!;https://fortnite.gg/cosmetics?id=11226;1,595;0;3.1K;270;300;101;393
11228;SHAVE THE DATE;https://fortnite.gg/cosmetics?id=11228;1,840;0;3.7K;615;847;245;1.2K
10964;LIL' CIRCUIT RACER;https://fortnite.gg/cosmetics?id=10964;4,642;0;5.5K;727;633;225;716
10840;EVERBURN;https://fortnite.gg/cosmetics?id=10840;1,050;0;1.2K;245;273;69;236
10843;I'M A MYSTERY;https://fortnite.gg/cosmetics?id=10843;4,130;0;13.1K;1.2K;700;195;1.2K
10844;SURFIN' BIRD;https://fortnite.gg/cosmetics?id=10844;4,862;0;14.7K;1.1K;679;280;1.6K
10841;NANNER RINGER;https://fortnite.gg/cosmetics?id=10841;1,320;0;2.3K;338;282;101;304
10839;DIAMOND THRONE;https://fortnite.gg/cosmetics?id=10839;1,867;0;1.9K;391;286;77;173
10838;FOIL FLEX;https://fortnite.gg/cosmetics?id=10838;708;0;418;163;291;114;264
10837;KNIFE SHARPENER;https://fortnite.gg/cosmetics?id=10837;783;0;643;184;257;84;189
10842;CARD DROP;https://fortnite.gg/cosmetics?id=10842;542;0;371;83;297;118;537
10651;LIL' LONGBOAT;https://fortnite.gg/cosmetics?id=10651;1,204;0;801;201;272;60;171
10654;FLASHBACK BREAKDOWN;https://fortnite.gg/cosmetics?id=10654;2,277;0;6.8K;646;434;156;681
10652;DO THE 'SPLIT;https://fortnite.gg/cosmetics?id=10652;2,455;0;2.5K;382;325;141;952
10653;DOZE DAB;https://fortnite.gg/cosmetics?id=10653;1,563;0;1K;214;278;92;365
10494;FUSION CANNON;https://fortnite.gg/cosmetics?id=10494;805;0;780;121;181;70;267
10493;BATTLE READY;https://fortnite.gg/cosmetics?id=10493;816;0;676;126;170;69;219
10573;SWEET!;https://fortnite.gg/cosmetics?id=10573;1,390;0;1.4K;233;242;72;176
10495;LIL' T-6 SHUTTLE;https://fortnite.gg/cosmetics?id=10495;1,145;0;643;147;246;97;262
10112;PUMPED!;https://fortnite.gg/cosmetics?id=10112;815;0;550;134;287;141;1.6K
10111;POINT & SHOOT;https://fortnite.gg/cosmetics?id=10111;1,926;0;1.9K;280;618;203;1.7K
10107;METAMORPHOSIS;https://fortnite.gg/cosmetics?id=10107;960;0;1K;176;164;53;204
10106;BEATZBUNNY;https://fortnite.gg/cosmetics?id=10106;3,340;0;3.1K;365;240;91;328
10110;PITCYCLE;https://fortnite.gg/cosmetics?id=10110;1,665;0;2.3K;331;205;73;265
10108;DICE ROLL;https://fortnite.gg/cosmetics?id=10108;839;0;409;131;188;56;142
10104;FLAKY FEAST;https://fortnite.gg/cosmetics?id=10104;804;0;467;124;170;56;135
10103;CRACK IT;https://fortnite.gg/cosmetics?id=10103;1,645;0;2.5K;345;193;67;252
10018;SHADOW PLAY: TOAD;https://fortnite.gg/cosmetics?id=10018;1,179;0;389;61;97;38;184
10015;CURSED ENERGY;https://fortnite.gg/cosmetics?id=10015;2,402;0;921;99;101;41;137
10016;DEEP THOUGHT;https://fortnite.gg/cosmetics?id=10016;6,495;0;7.6K;982;989;321;1.2K
9934;LIL' OCTANE FLAMES;https://fortnite.gg/cosmetics?id=9934;4,643;0;6K;818;764;228;905
9730;SELF REFLEXING;https://fortnite.gg/cosmetics?id=9730;1,006;0;1.1K;220;216;73;177
9906;TOASTED COCONUT;https://fortnite.gg/cosmetics?id=9906;837;0;748;127;136;47;101
9820;BARRAGE CANNON;https://fortnite.gg/cosmetics?id=9820;1,124;0;919;137;179;68;313
9732;ANCESTRAL SHIFT;https://fortnite.gg/cosmetics?id=9732;1,345;0;1K;185;129;36;138
9725;THIS IS FINE;https://fortnite.gg/cosmetics?id=9725;3,198;0;3.1K;332;261;89;311
9734;GET OUT OF YOUR MIND;https://fortnite.gg/cosmetics?id=9734;1,453;0;1.2K;220;247;67;283
9731;FANG DANCE;https://fortnite.gg/cosmetics?id=9731;817;0;497;132;183;69;194
9726;DRAMATIC FLARES;https://fortnite.gg/cosmetics?id=9726;839;0;382;113;178;48;100
9724;COUNT IT!;https://fortnite.gg/cosmetics?id=9724;1,083;0;514;112;178;62;174
9633;BURN BRIGHT;https://fortnite.gg/cosmetics?id=9633;843;0;645;121;162;46;160
9304;SCOUT REGIMENT SALUTE;https://fortnite.gg/cosmetics?id=9304;2,166;0;1.6K;249;297;117;457
9305;EXPRESSIONISM;https://fortnite.gg/cosmetics?id=9305;2,525;0;2K;354;246;71;250
9312;EMPRESS FAN DANCE;https://fortnite.gg/cosmetics?id=9312;2,480;0;2K;338;222;78;236
9311;TAIKO DRUMBEAT;https://fortnite.gg/cosmetics?id=9311;1,151;0;612;150;294;68;235
9310;CHEF'S SPECIAL;https://fortnite.gg/cosmetics?id=9310;1,920;0;2.6K;388;240;75;334
9309;SWAG SHOT;https://fortnite.gg/cosmetics?id=9309;3,870;0;2.3K;333;247;69;229
9308;SWEET SHOT;https://fortnite.gg/cosmetics?id=9308;3,138;0;3K;404;250;114;617
9307;ARRIVAL OF THE EMPRESS;https://fortnite.gg/cosmetics?id=9307;1,034;0;518;149;178;80;167
9306;STANDING BOW;https://fortnite.gg/cosmetics?id=9306;1,514;0;779;177;193;57;127
9303;SQUEEZIE DOES IT;https://fortnite.gg/cosmetics?id=9303;4,564;0;6.9K;1.2K;984;380;1.3K
9229;CHECK THE MAP;https://fortnite.gg/cosmetics?id=9229;1,195;0;554;116;209;49;219
8792;IGNI SIGN;https://fortnite.gg/cosmetics?id=8792;1,924;0;1.5K;326;405;128;325
9036;BENCH UPGRADE;https://fortnite.gg/cosmetics?id=9036;1,321;0;607;103;185;55;165
8910;CURLING IRON;https://fortnite.gg/cosmetics?id=8910;1,722;0;1.2K;280;356;91;230
8909;LIL' PRANCER;https://fortnite.gg/cosmetics?id=8909;1,619;0;1K;240;166;53;146
8793;MINI SLAYER FISTBUMP;https://fortnite.gg/cosmetics?id=8793;2,859;0;2.7K;362;240;89;291
8795;LUNAR PARTY;https://fortnite.gg/cosmetics?id=8795;11,572;0;9.9K;986;683;255;1.4K
8789;CALL TO ARMS;https://fortnite.gg/cosmetics?id=8789;1,638;0;2.2K;281;199;68;266
8794;BOBA SNACK;https://fortnite.gg/cosmetics?id=8794;2,309;0;706;203;214;102;280
8796;BALANCE BOARD;https://fortnite.gg/cosmetics?id=8796;2,048;0;2.1K;353;204;84;226
8786;I NEED YOU TO CONCENTRATE;https://fortnite.gg/cosmetics?id=8786;1,482;0;511;128;202;63;153
8788;CALLED SHOT;https://fortnite.gg/cosmetics?id=8788;1,343;0;509;148;155;44;102
8787;HYPNOT-EYES;https://fortnite.gg/cosmetics?id=8787;2,242;0;544;163;200;67;132
8709;TOASTY ROAST;https://fortnite.gg/cosmetics?id=8709;3,106;0;2.2K;415;250;74;228
8635;REALITY'S MASTER;https://fortnite.gg/cosmetics?id=8635;1,445;0;1.6K;208;209;84;304
8345;LIL' KART;https://fortnite.gg/cosmetics?id=8345;1,984;0;1.4K;265;258;72;244
8294;FOLLOW THE BUTTERFLY;https://fortnite.gg/cosmetics?id=8294;2,302;0;1.8K;380;273;99;315
8348;ARACHROBATICS;https://fortnite.gg/cosmetics?id=8348;4,954;0;2.1K;383;265;75;257
8349;DIRTBIKE CHALLENGE;https://fortnite.gg/cosmetics?id=8349;5,195;0;5.2K;785;750;284;1.3K
8343;DIGITIZED;https://fortnite.gg/cosmetics?id=8343;1,227;0;838;161;193;87;325
8399;PICK ME UP;https://fortnite.gg/cosmetics?id=8399;1,208;0;756;152;195;88;357
8342;CHROME CONJURER;https://fortnite.gg/cosmetics?id=8342;1,038;0;396;99;174;61;260
8347;OMG I LOVE IT;https://fortnite.gg/cosmetics?id=8347;3,755;0;969;347;179;74;201
8344;LASER FOCUSED;https://fortnite.gg/cosmetics?id=8344;1,846;0;720;161;171;49;145
8128;SWEATY ROTATION;https://fortnite.gg/cosmetics?id=8128;1,728;0;1K;185;247;77;264
7883;INDY'S DUSTOFF;https://fortnite.gg/cosmetics?id=7883;1,218;0;664;145;243;81;260
7983;DISTRACTION DANCE;https://fortnite.gg/cosmetics?id=7983;11,520;0;10.2K;883;572;225;1K
7982;KOI DANCE;https://fortnite.gg/cosmetics?id=7982;7,521;0;7.4K;977;1.6K;848;3.8K
7900;IMPERIAL MARCH;https://fortnite.gg/cosmetics?id=7900;5,485;0;5.9K;564;405;135;598
7902;STEADY;https://fortnite.gg/cosmetics?id=7902;11,344;0;11.6K;1.3K;824;382;2K
7884;ARM-Y GUY;https://fortnite.gg/cosmetics?id=7884;1,469;0;707;157;193;78;196
7897;LANCE DANCE;https://fortnite.gg/cosmetics?id=7897;1,014;0;469;141;131;53;142
7898;VIBRANT VIBIN';https://fortnite.gg/cosmetics?id=7898;2,950;0;3.2K;364;295;118;355
7882;BLOWIN' UP;https://fortnite.gg/cosmetics?id=7882;4,783;0;1.6K;300;218;87;234
7901;IT IS FINISHED;https://fortnite.gg/cosmetics?id=7901;2,506;0;837;185;185;73;160
7899;SHURIKEN SPINNER;https://fortnite.gg/cosmetics?id=7899;1,481;0;346;111;210;89;219
7881;THE HEARTBREAKER;https://fortnite.gg/cosmetics?id=7881;1,235;0;1K;224;171;60;179
6498;SLASH AND SMASH;https://fortnite.gg/cosmetics?id=6498;1,800;0;1.3K;246;252;63;221
6494;CONJURE WEAPON;https://fortnite.gg/cosmetics?id=6494;2,565;0;1.1K;232;168;53;177
6501;UNCHAINED;https://fortnite.gg/cosmetics?id=6501;1,535;0;1.4K;192;166;60;222
6502;CYCLO CURL;https://fortnite.gg/cosmetics?id=6502;2,076;0;465;135;212;97;235
6499;BAG OF ESSENTIALS;https://fortnite.gg/cosmetics?id=6499;1,299;0;364;106;176;90;280
6496;BLADE BREAKER;https://fortnite.gg/cosmetics?id=6496;1,415;0;583;154;151;65;132
6500;DAGGER DANCE;https://fortnite.gg/cosmetics?id=6500;2,206;0;663;201;189;77;149
6495;SEGWAY TOUR;https://fortnite.gg/cosmetics?id=6495;2,349;0;702;158;148;56;145
6316;TACTICAL VISOR TOGGLE;https://fortnite.gg/cosmetics?id=6316;1,919;0;2.3K;263;207;80;338
6249;TUNAK TUNAK TUN;https://fortnite.gg/cosmetics?id=6249;11,806;0;19.7K;1.7K;2K;892;4.5K
6183;CHOICE KNIT;https://fortnite.gg/cosmetics?id=6183;2,154;0;729;182;222;105;127
6031;NEIGHBORLY HANG;https://fortnite.gg/cosmetics?id=6031;5,167;0;3.1K;467;238;103;339
6036;BRAIN CANDY;https://fortnite.gg/cosmetics?id=6036;1,841;0;809;173;180;92;212
6035;CROWNING ACHIEVEMENT;https://fortnite.gg/cosmetics?id=6035;3,998;0;6.1K;803;715;223;843
6034;LIL' MONSTER;https://fortnite.gg/cosmetics?id=6034;3,126;0;1K;246;200;76;152
6033;LOVE IT!;https://fortnite.gg/cosmetics?id=6033;3,783;0;854;302;159;89;111
6032;LUNAR CHARGE;https://fortnite.gg/cosmetics?id=6032;2,276;0;520;143;167;97;147
6037;MWAHAHA;https://fortnite.gg/cosmetics?id=6037;3,302;0;1.4K;236;209;98;257
6030;IT'S... YOU?;https://fortnite.gg/cosmetics?id=6030;3,018;0;1.1K;180;180;57;135
5403;SQUARE UP;https://fortnite.gg/cosmetics?id=5403;3,394;0;3.1K;491;443;113;351
5460;SIDEWAYS SHIFT;https://fortnite.gg/cosmetics?id=5460;2,102;0;1.3K;219;191;82;198
5464;MONKEY MOSH;https://fortnite.gg/cosmetics?id=5464;2,172;0;1.9K;262;285;153;618
5463;LIL' ROVER;https://fortnite.gg/cosmetics?id=5463;2,465;0;767;213;231;88;175
5462;HAND-FORGED;https://fortnite.gg/cosmetics?id=5462;3,262;0;1.9K;352;243;99;238
5458;FLAKE SHAKE;https://fortnite.gg/cosmetics?id=5458;2,457;0;2.3K;311;328;199;743
5465;READY WHEN YOU ARE;https://fortnite.gg/cosmetics?id=5465;2,204;0;549;159;243;77;141
5459;NAILED IT;https://fortnite.gg/cosmetics?id=5459;2,914;0;619;123;222;94;179
5311;GOOD GUY;https://fortnite.gg/cosmetics?id=5311;4,142;0;2.7K;326;256;103;373
5303;XOXO;https://fortnite.gg/cosmetics?id=5303;3,704;0;1.3K;276;211;79;196
5106;LIL' TREAT;https://fortnite.gg/cosmetics?id=5106;4,273;0;3.7K;740;525;143;477
4980;SECRET IDENTITY;https://fortnite.gg/cosmetics?id=4980;3,471;0;1.3K;290;249;109;214
4987;UNZIPPED;https://fortnite.gg/cosmetics?id=4987;3,656;0;1.2K;244;330;151;400
4985;LIL' SAUCER;https://fortnite.gg/cosmetics?id=4985;6,714;0;1.5K;339;256;98;165
4984;THE RICK DANCE;https://fortnite.gg/cosmetics?id=4984;6,681;0;4.7K;591;390;186;770
4982;KICK BACK;https://fortnite.gg/cosmetics?id=4982;5,662;0;1.1K;284;185;68;121
4978;SKA-STRA-TERRESTRIAL;https://fortnite.gg/cosmetics?id=4978;5,736;0;2.7K;431;212;139;466
4981;VULCAN SALUTE;https://fortnite.gg/cosmetics?id=4981;4,302;0;487;122;239;79;212
4692;SHHH.;https://fortnite.gg/cosmetics?id=4692;5,859;0;1.6K;276;430;146;613
4676;HANG LOOSE CELEBRATION;https://fortnite.gg/cosmetics?id=4676;9,171;0;5.6K;781;469;190;713
4554;BEAN BAG;https://fortnite.gg/cosmetics?id=4554;7,361;0;1.1K;246;154;55;101
4559;EVASIVE MANEUVERS;https://fortnite.gg/cosmetics?id=4559;9,286;0;1.8K;332;269;78;181
4553;AZARATH METRION ZINTHOS!;https://fortnite.gg/cosmetics?id=4553;7,459;0;1.1K;291;170;67;156
4562;TOWER GUARD;https://fortnite.gg/cosmetics?id=4562;4,298;0;759;145;349;217;2.9K
4558;DREAM STANCE;https://fortnite.gg/cosmetics?id=4558;5,594;0;851;209;218;75;213
4556;CARDISTRY;https://fortnite.gg/cosmetics?id=4556;6,205;0;427;148;149;33;107
4555;BOOTS 'N' CATS;https://fortnite.gg/cosmetics?id=4555;6,495;0;1.1K;223;152;73;157
4557;CLEAN SWEEP;https://fortnite.gg/cosmetics?id=4557;8,950;0;1.2K;229;233;91;192
4320;BIO-HELMET ONLINE;https://fortnite.gg/cosmetics?id=4320;3,806;0;1.1K;147;184;103;373
3888;MEMBERS ONLY;https://fortnite.gg/cosmetics?id=3888;5,070;0;1.2K;248;170;43;139
4069;WAKANDAN SALUTE;https://fortnite.gg/cosmetics?id=4069;7,183;0;1.7K;212;154;70;220
3831;HOVER-PRAM CONTROL;https://fortnite.gg/cosmetics?id=3831;5,459;0;1.5K;312;192;74;328
4062;VENGEFUL WISH;https://fortnite.gg/cosmetics?id=4062;4,141;0;706;117;121;59;119
3835;HUNTER PROTOCOL;https://fortnite.gg/cosmetics?id=3835;4,334;0;611;97;127;45;146
3696;BOOMIN';https://fortnite.gg/cosmetics?id=3696;6,172;0;813;175;140;47;107
4025;SYRUP SLINGER;https://fortnite.gg/cosmetics?id=4025;3,722;0;635;141;108;47;128
3887;MASHED POTATO;https://fortnite.gg/cosmetics?id=3887;5,818;0;1.3K;223;177;54;223
3663;A WARRIOR PREPARES;https://fortnite.gg/cosmetics?id=3663;4,764;0;326;88;142;67;159
4030;TAKE THE CAKE;https://fortnite.gg/cosmetics?id=4030;4,061;0;612;130;117;46;87
3800;GLOW ON;https://fortnite.gg/cosmetics?id=3800;1,892;0;707;160;227;91;268
4021;SUIT UP;https://fortnite.gg/cosmetics?id=4021;7,122;0;2.4K;328;192;71;233
3998;SNIKT!;https://fortnite.gg/cosmetics?id=3998;5,458;0;903;190;163;75;136
3980;SHAPESHIFTER;https://fortnite.gg/cosmetics?id=3980;8,549;0;3.2K;327;215;88;278
3807;GOD OF THUNDER;https://fortnite.gg/cosmetics?id=3807;5,793;0;751;155;124;53;145
3794;GAMMA OVERLOAD;https://fortnite.gg/cosmetics?id=3794;5,369;0;584;148;133;76;157
3793;GALE FORCE;https://fortnite.gg/cosmetics?id=3793;5,168;0;526;155;146;70;133
3677;BATTLE BROTHER;https://fortnite.gg/cosmetics?id=3677;5,882;0;928;200;136;54;136
4059;UNICYCLE;https://fortnite.gg/cosmetics?id=4059;3,496;0;8.3K;2K;3.3K;882;2.8K
3788;FREEWHEELIN';https://fortnite.gg/cosmetics?id=3788;4,131;0;2.7K;372;233;103;300
4063;VERVE;https://fortnite.gg/cosmetics?id=4063;5,973;0;2.8K;325;292;83;286
3843;INTRODUCING...;https://fortnite.gg/cosmetics?id=3843;5,723;0;4.8K;514;371;143;436
3803;GO CAT GO;https://fortnite.gg/cosmetics?id=3803;6,644;0;5.7K;829;373;140;530
3922;PLANETARY VIBE;https://fortnite.gg/cosmetics?id=3922;7,434;0;3.4K;480;209;116;425
4048;TIPPY TAP;https://fortnite.gg/cosmetics?id=4048;4,720;0;709;148;143;54;107
3861;KEYED UP;https://fortnite.gg/cosmetics?id=3861;4,695;0;870;192;135;48;114
3667;AIR SHREDDER;https://fortnite.gg/cosmetics?id=3667;4,852;0;559;126;122;53;107
4017;STORMY;https://fortnite.gg/cosmetics?id=4017;4,736;0;421;121;109;38;77
4002;SO SQUARE;https://fortnite.gg/cosmetics?id=4002;5,029;0;292;67;162;79;206
3779;FLIPPIN' AWAY;https://fortnite.gg/cosmetics?id=3779;5,731;0;362;108;142;57;111
3939;RAGE;https://fortnite.gg/cosmetics?id=3939;21,741;0;14K;1.1K;746;288;1.1K
4024;SWOLE CAT;https://fortnite.gg/cosmetics?id=4024;5,637;0;3.3K;507;235;86;293
4008;SPRINGY;https://fortnite.gg/cosmetics?id=4008;8,373;0;7.8K;1K;525;165;672
3901;OLLIE BOUNCE;https://fortnite.gg/cosmetics?id=3901;4,964;0;1.5K;327;180;80;195
3695;BOOM!;https://fortnite.gg/cosmetics?id=3695;3,723;0;512;118;126;65;114
3984;SIDE HUSTLE;https://fortnite.gg/cosmetics?id=3984;4,856;0;739;155;144;50;97
3911;PAWS & CLAWS;https://fortnite.gg/cosmetics?id=3911;8,026;0;3.3K;501;204;93;371
3908;PANDEMONIUM;https://fortnite.gg/cosmetics?id=3908;4,729;0;389;93;133;59;109
3964;SAD CLAPS;https://fortnite.gg/cosmetics?id=3964;4,135;0;9.1K;1.8K;3.4K;1.1K;3.8K
3730;COIN FLIP;https://fortnite.gg/cosmetics?id=3730;4,433;0;397;102;102;32;71
3717;CALL ME;https://fortnite.gg/cosmetics?id=3717;5,937;0;455;88;156;52;81
3681;BEEP BEEP;https://fortnite.gg/cosmetics?id=3681;4,362;0;249;73;147;51;87
3837;I DECLARE!;https://fortnite.gg/cosmetics?id=3837;3,846;0;357;77;106;40;80
4001;SNOWSHAKER;https://fortnite.gg/cosmetics?id=4001;3,823;0;348;90;99;32;82
3876;LIGHT UP;https://fortnite.gg/cosmetics?id=3876;1,867;0;509;97;107;31;130
3853;JEDI TRAINING;https://fortnite.gg/cosmetics?id=3853;3,926;0;900;130;175;41;189
3978;SHAOLIN SIP;https://fortnite.gg/cosmetics?id=3978;3,697;0;419;84;92;30;78
4060;UNIFICATION;https://fortnite.gg/cosmetics?id=4060;2,623;0;780;141;132;48;123
3689;BOING!;https://fortnite.gg/cosmetics?id=3689;4,777;0;527;141;142;35;84
3834;HULA HOOPIN';https://fortnite.gg/cosmetics?id=3834;4,062;0;384;105;124;41;107
3823;HIGH FIVE;https://fortnite.gg/cosmetics?id=3823;7,121;0;1.1K;217;145;32;124
3756;DROOP;https://fortnite.gg/cosmetics?id=3756;6,382;0;3.3K;442;271;130;363
4073;WAVY T;https://fortnite.gg/cosmetics?id=4073;4,289;0;841;172;140;42;101
3981;SHARPSHOOTER;https://fortnite.gg/cosmetics?id=3981;3,966;0;255;81;122;45;69
3951;RESPECT THE PEACE;https://fortnite.gg/cosmetics?id=3951;5,071;0;452;98;109;35;67
3875;LEVITATE;https://fortnite.gg/cosmetics?id=3875;3,546;0;972;144;173;69;293
3913;PEELY PULSE;https://fortnite.gg/cosmetics?id=3913;1,847;0;776;144;125;39;141
3702;BREAKNECK;https://fortnite.gg/cosmetics?id=3702;5,701;0;3K;471;258;94;257
4018;STRIDE;https://fortnite.gg/cosmetics?id=4018;4,639;0;1.4K;216;147;66;173
3851;JAYWALKING;https://fortnite.gg/cosmetics?id=3851;7,659;0;5K;585;406;143;434
3687;BLOWING BUBBLES;https://fortnite.gg/cosmetics?id=3687;3,621;0;299;78;124;39;95
4051;TRA LA LA;https://fortnite.gg/cosmetics?id=4051;4,766;0;685;142;131;44;89
3739;DABSTAND;https://fortnite.gg/cosmetics?id=3739;3,292;0;282;66;105;32;103
3747;DEEP END;https://fortnite.gg/cosmetics?id=3747;4,360;0;1.4K;179;124;53;187
3768;FEATHERWEIGHT;https://fortnite.gg/cosmetics?id=3768;4,037;0;623;139;101;31;105
3858;JUMP JETS;https://fortnite.gg/cosmetics?id=3858;3,201;0;329;62;103;51;124
3912;PEACE OUT;https://fortnite.gg/cosmetics?id=3912;4,610;0;830;144;112;40;134
3985;SIGN SPINNER;https://fortnite.gg/cosmetics?id=3985;6,558;0;2K;361;229;60;202
3965;SAD TROMBONE;https://fortnite.gg/cosmetics?id=3965;7,210;0;1.6K;234;168;53;178
3867;LAID BACK SHUFFLE;https://fortnite.gg/cosmetics?id=3867;5,409;0;2.3K;389;226;75;195
3729;CLUCK STRUT;https://fortnite.gg/cosmetics?id=3729;4,757;0;1K;153;132;59;170
4088;YAY!;https://fortnite.gg/cosmetics?id=4088;4,695;0;546;87;121;46;147
3770;FIERCE;https://fortnite.gg/cosmetics?id=3770;3,435;0;639;94;140;71;232
3693;BOOBYTRAPPED;https://fortnite.gg/cosmetics?id=3693;3,683;0;876;164;120;43;103
3971;SCENARIO;https://fortnite.gg/cosmetics?id=3971;29,718;0;40K;3.3K;1.4K;685;3K
3825;HOOP MASTER;https://fortnite.gg/cosmetics?id=3825;4,705;0;1.2K;204;142;43;139
3999;SNOOZEFEST;https://fortnite.gg/cosmetics?id=3999;4,052;0;376;88;113;40;105
3895;NANA NANA;https://fortnite.gg/cosmetics?id=3895;5,668;0;2.5K;337;229;67;216
3754;DRAGON STANCE;https://fortnite.gg/cosmetics?id=3754;4,213;0;434;85;117;49;88
3732;CONGA;https://fortnite.gg/cosmetics?id=3732;5,889;0;1.4K;223;150;47;171
3821;HELLO FRIEND;https://fortnite.gg/cosmetics?id=3821;6,075;0;984;174;132;41;100
3860;KEEP IT MELLO;https://fortnite.gg/cosmetics?id=3860;6,820;0;2.1K;290;837;275;1.8K
3785;FREE FLOW;https://fortnite.gg/cosmetics?id=3785;6,432;0;3.1K;436;301;122;277
3982;SHIMMER;https://fortnite.gg/cosmetics?id=3982;6,285;0;2K;274;167;85;214
3924;POINT IT OUT;https://fortnite.gg/cosmetics?id=3924;16,994;0;7.5K;874;506;182;644
3889;MIC DROP;https://fortnite.gg/cosmetics?id=3889;5,172;0;525;132;141;49;87
3796;GET FUNKY;https://fortnite.gg/cosmetics?id=3796;4,971;0;1K;164;147;50;178
3721;CAT FLIP;https://fortnite.gg/cosmetics?id=3721;5,024;0;592;117;137;58;139
4031;TAKE THE ELF;https://fortnite.gg/cosmetics?id=4031;14,081;0;7K;853;391;218;805
3808;GOLF CLAP;https://fortnite.gg/cosmetics?id=3808;5,034;0;367;85;144;46;81
3776;FLAMENCO;https://fortnite.gg/cosmetics?id=3776;5,613;0;1.7K;238;180;69;194
3993;SLITHERIN';https://fortnite.gg/cosmetics?id=3993;4,614;0;1.1K;162;148;75;128
3962;RUNNING MAN;https://fortnite.gg/cosmetics?id=3962;5,748;0;1.9K;279;214;79;185
3847;IT'S GO TIME!;https://fortnite.gg/cosmetics?id=3847;5,286;0;1.1K;166;231;105;296
3799;GLITTER-UP;https://fortnite.gg/cosmetics?id=3799;3,020;0;601;114;166;59;218
3948;REGAL WAVE;https://fortnite.gg/cosmetics?id=3948;4,844;0;341;108;156;42;92
3694;BOOGIE DOWN;https://fortnite.gg/cosmetics?id=3694;10,371;0;8.2K;1.1K;661;227;678
3699;BREAKDOWN;https://fortnite.gg/cosmetics?id=3699;7,170;0;3.3K;404;297;117;299
4089;YOU'RE AWESOME;https://fortnite.gg/cosmetics?id=4089;4,907;0;664;136;172;61;143
4022;SWIPE IT;https://fortnite.gg/cosmetics?id=4022;5,858;0;1.6K;244;194;76;180
3716;CALCULATED;https://fortnite.gg/cosmetics?id=3716;7,300;0;1.1K;235;189;60;164
3795;GENTLEMAN'S DAB;https://fortnite.gg/cosmetics?id=3795;5,616;0;555;132;151;46;114
3704;BRING IT;https://fortnite.gg/cosmetics?id=3704;3,399;23;2K;652;1.4K;450;1.5K
4054;TRUE HEART;https://fortnite.gg/cosmetics?id=4054;14,649;76;12.3K;2.1K;1.6K;615;2.2K
3841;INFINITE DAB;https://fortnite.gg/cosmetics?id=3841;7,108;57;5.2K;964;1.1K;395;1.3K
3960;ROCKET SPINNER;https://fortnite.gg/cosmetics?id=3960;3,923;22;1.4K;317;308;109;323
4004;SPARKLER;https://fortnite.gg/cosmetics?id=4004;2,702;21;637;204;357;113;297
3760;EAGLE;https://fortnite.gg/cosmetics?id=3760;7,188;46;6.2K;992;1.1K;522;1.7K
3928;POP LOCK;https://fortnite.gg/cosmetics?id=3928;6,144;37;3K;521;493;213;474
3945;RAWR;https://fortnite.gg/cosmetics?id=3945;4,483;24;2.2K;442;657;303;1.1K
4070;WATERWORKS;https://fortnite.gg/cosmetics?id=4070;13,786;67;5.4K;1.1K;798;234;590
3862;KICK UPS;https://fortnite.gg/cosmetics?id=3862;4,638;88;4.3K;1.1K;1.3K;516;3K
3947;RED CARD;https://fortnite.gg/cosmetics?id=3947;3,214;85;3K;833;1.6K;645;3.7K
3944;RAMBUNCTIOUS;https://fortnite.gg/cosmetics?id=3944;15,234;8;8.7K;817;585;210;826
3869;LAUGH IT UP;https://fortnite.gg/cosmetics?id=3869;40,352;40;21.8K;1.3K;987;596;5.4K
3671;BALLER;https://fortnite.gg/cosmetics?id=3671;5,212;23;1.7K;321;313;111;328
3749;DIP;https://fortnite.gg/cosmetics?id=3749;2,641;21;1.4K;399;1.2K;653;3.7K
4029;TAKE 14;https://fortnite.gg/cosmetics?id=4029;3,288;44;2.4K;953;2.2K;759;3.3K
3997;SNAP;https://fortnite.gg/cosmetics?id=3997;5,644;94;3.4K;624;719;238;923
4090;ZANY;https://fortnite.gg/cosmetics?id=4090;10,943;52;8.8K;1.4K;1.2K;450;1.6K
4012;STAR POWER;https://fortnite.gg/cosmetics?id=4012;11,941;56;5.6K;883;688;298;1.1K
3724;CHICKEN;https://fortnite.gg/cosmetics?id=3724;3,755;13;1.3K;260;405;194;723
3787;FREESTYLIN';https://fortnite.gg/cosmetics?id=3787;10,594;0;9K;917;650;254;803
3692;BONELESS;https://fortnite.gg/cosmetics?id=3692;6,805;44;4.3K;922;1.2K;463;1.3K
4044;THUMBS UP;https://fortnite.gg/cosmetics?id=4044;4,188;13;734;181;279;58;196
4043;THUMBS DOWN;https://fortnite.gg/cosmetics?id=4043;4,137;16;896;239;336;90;329
3810;GROOVE JAM;https://fortnite.gg/cosmetics?id=3810;8,541;0;5.1K;630;374;155;471
3929;POPCORN;https://fortnite.gg/cosmetics?id=3929;5,991;0;899;225;149;41;121
3904;ORANGE JUSTICE;https://fortnite.gg/cosmetics?id=3904;30,539;0;49.6K;3.3K;1.6K;697;3.3K
3836;HYPE;https://fortnite.gg/cosmetics?id=3836;16,396;0;10.6K;1.3K;783;249;828
3950;RESPECT;https://fortnite.gg/cosmetics?id=3950;4,325;0;439;109;172;54;124
4045;TIDY;https://fortnite.gg/cosmetics?id=4045;17,635;12;8.7K;953;660;229;704
4011;SQUAT KICK;https://fortnite.gg/cosmetics?id=4011;11,766;51;9.8K;1.5K;1.3K;545;1.7K
3728;CLICK!;https://fortnite.gg/cosmetics?id=3728;4,774;19;838;249;385;124;338
3731;CONFUSED;https://fortnite.gg/cosmetics?id=3731;5,954;13;1.1K;291;351;97;259
3957;ROCK OUT;https://fortnite.gg/cosmetics?id=3957;6,927;52;6.4K;1.7K;2K;749;2.7K
4081;WIGGLE;https://fortnite.gg/cosmetics?id=4081;12,351;67;5K;891;657;238;528
3958;ROCK PAPER SCISSORS;https://fortnite.gg/cosmetics?id=3958;6,188;56;3.7K;1K;1.3K;362;1.2K
3826;HOOTENANNY;https://fortnite.gg/cosmetics?id=3826;7,348;17;2.6K;338;383;167;591
3751;DISCO FEVER;https://fortnite.gg/cosmetics?id=3751;11,315;108;9.9K;1.7K;1.5K;615;1.9K
3856;JUBILATION;https://fortnite.gg/cosmetics?id=3856;8,971;71;7K;1.6K;1.8K;615;1.9K
3705;BRUSH YOUR SHOULDERS;https://fortnite.gg/cosmetics?id=3705;4,323;29;939;377;581;178;432
3701;BREAKING POINT;https://fortnite.gg/cosmetics?id=3701;4,573;41;2.2K;695;1.5K;450;2.1K
3959;ROCKET RODEO;https://fortnite.gg/cosmetics?id=3959;7,124;28;2.3K;463;451;142;374
4015;STEP IT UP;https://fortnite.gg/cosmetics?id=4015;5,350;23;1.5K;367;386;159;399
3884;MAKE IT RAIN;https://fortnite.gg/cosmetics?id=3884;8,715;49;5.4K;1.2K;1.1K;343;1K
3781;FLIPPIN' SEXY;https://fortnite.gg/cosmetics?id=3781;12,195;51;6.7K;1.1K;875;331;850
3946;REANIMATED;https://fortnite.gg/cosmetics?id=3946;10,958;57;7.2K;1.1K;921;364;1.1K
3700;BREAKIN';https://fortnite.gg/cosmetics?id=3700;9,309;111;9.2K;2.2K;2.3K;757;2.9K
4041;THE ROBOT;https://fortnite.gg/cosmetics?id=4041;9,557;0;4K;603;382;139;350
4032;TAKE THE L;https://fortnite.gg/cosmetics?id=4032;68,088;0;73K;5.2K;1.9K;1.1K;5.8K
3683;BEST MATES;https://fortnite.gg/cosmetics?id=3683;18,231;0;11.2K;1.6K;789;263;902
3966;SALUTE;https://fortnite.gg/cosmetics?id=3966;6,319;0;858;185;241;66;158
3764;FACE PALM;https://fortnite.gg/cosmetics?id=3764;7,812;60;4.3K;1.1K;1.3K;366;1.2K
3863;KISS KISS;https://fortnite.gg/cosmetics?id=3863;12,149;59;4.7K;1.4K;1.1K;568;1.9K
4055;TRUE LOVE;https://fortnite.gg/cosmetics?id=4055;12,914;56;5.7K;1.6K;1.2K;530;1.8K
3937;PURE SALT;https://fortnite.gg/cosmetics?id=3937;6,358;28;1.5K;341;480;157;446
3777;FLAPPER;https://fortnite.gg/cosmetics?id=3777;7,732;28;4K;776;968;428;1.2K
3813;GUN SHOW;https://fortnite.gg/cosmetics?id=3813;5,609;26;1.4K;379;485;161;438
3771;FINGER GUNS;https://fortnite.gg/cosmetics?id=3771;5,302;35;1.7K;510;811;282;712
3738;DAB;https://fortnite.gg/cosmetics?id=3738;12,433;51;8.6K;1.2K;1.5K;506;2.3K
3790;FRESH;https://fortnite.gg/cosmetics?id=3790;30,242;30;24.1K;2.2K;1.3K;522;1.6K
3994;SLOW CLAP;https://fortnite.gg/cosmetics?id=3994;11,371;74;8.8K;1.7K;1.8K;517;1.7K
3761;ELECTRO SHUFFLE;https://fortnite.gg/cosmetics?id=3761;15,084;86;10.6K;1.8K;1.5K;442;1.3K
4042;THE WORM;https://fortnite.gg/cosmetics?id=4042;14,594;0;7.5K;1K;640;211;626
3955;RIDE THE PONY;https://fortnite.gg/cosmetics?id=3955;18,773;0;7.7K;1.1K;682;295;637
3926;PONY UP;https://fortnite.gg/cosmetics?id=3926;6,296;0;2.7K;328;206;73;284
3782;FLOSS;https://fortnite.gg/cosmetics?id=3782;37,120;0;35.6K;3.3K;1.6K;623;2.5K
4071;WAVE;https://fortnite.gg/cosmetics?id=4071;8,672;0;2.1K;339;419;121;287
3740;DANCE MOVES;https://fortnite.gg/cosmetics?id=3740;8,021;0;17K;876;751;398;2.1K